time,y,x,band,spatial_ref,Corn4_pydms_sharpened_modis_catd
2022-06-01,4218562.796391891,629385.2947743271,1.0,0.0,NA
2022-06-01,4219026.109108419,629385.2947743271,1.0,0.0,NA
2022-06-01,4219489.421824947,629385.2947743271,1.0,0.0,NA
2022-06-01,4218562.796391891,629966.6137518698,1.0,0.0,NA
2022-06-01,4219489.421824947,629966.6137518698,1.0,0.0,NA
2022-06-01,4219026.109108419,629966.6137518698,1.0,0.0,NA
2022-06-01,4219489.421824947,629503.3010353418,1.0,0.0,NA
2022-06-01,4219026.109108419,629503.3010353418,1.0,0.0,NA
2022-06-01,4218915.448835425,629385.2947743271,1.0,0.0,23.96720458984379
2022-06-01,4218562.796391891,629503.3010353418,1.0,0.0,NA
2022-06-01,4218915.448835425,629503.3010353418,1.0,0.0,NA
2022-06-01,4218915.448835425,629966.6137518698,1.0,0.0,NA
2022-06-02,4218915.448835425,629385.2947743271,1.0,0.0,10.005914306640648
2022-06-02,4218915.448835425,629966.6137518698,1.0,0.0,NA
2022-06-02,4219489.421824947,629966.6137518698,1.0,0.0,NA
2022-06-02,4218562.796391891,629503.3010353418,1.0,0.0,NA
2022-06-02,4218915.448835425,629503.3010353418,1.0,0.0,NA
2022-06-02,4219489.421824947,629503.3010353418,1.0,0.0,NA
2022-06-02,4219026.109108419,629385.2947743271,1.0,0.0,NA
2022-06-02,4218562.796391891,629385.2947743271,1.0,0.0,NA
2022-06-02,4219489.421824947,629385.2947743271,1.0,0.0,NA
2022-06-02,4218562.796391891,629966.6137518698,1.0,0.0,NA
2022-06-02,4219026.109108419,629503.3010353418,1.0,0.0,NA
2022-06-02,4219026.109108419,629966.6137518698,1.0,0.0,NA
2022-06-03,4218915.448835425,629385.2947743271,1.0,0.0,3.8088903808593955
2022-06-03,4218562.796391891,629385.2947743271,1.0,0.0,NA
2022-06-03,4218562.796391891,629503.3010353418,1.0,0.0,NA
2022-06-03,4218915.448835425,629966.6137518698,1.0,0.0,NA
2022-06-03,4219026.109108419,629503.3010353418,1.0,0.0,NA
2022-06-03,4219489.421824947,629503.3010353418,1.0,0.0,NA
2022-06-03,4218915.448835425,629503.3010353418,1.0,0.0,NA
2022-06-03,4219489.421824947,629966.6137518698,1.0,0.0,NA
2022-06-03,4218562.796391891,629966.6137518698,1.0,0.0,NA
2022-06-03,4219026.109108419,629385.2947743271,1.0,0.0,NA
2022-06-03,4219489.421824947,629385.2947743271,1.0,0.0,NA
2022-06-03,4219026.109108419,629966.6137518698,1.0,0.0,NA
2022-06-04,4218915.448835425,629385.2947743271,1.0,0.0,NA
2022-06-04,4219026.109108419,629385.2947743271,1.0,0.0,NA
2022-06-04,4218562.796391891,629385.2947743271,1.0,0.0,NA
2022-06-04,4218562.796391891,629503.3010353418,1.0,0.0,NA
2022-06-04,4218915.448835425,629503.3010353418,1.0,0.0,NA
2022-06-04,4218915.448835425,629966.6137518698,1.0,0.0,NA
2022-06-04,4219489.421824947,629385.2947743271,1.0,0.0,NA
2022-06-04,4219026.109108419,629503.3010353418,1.0,0.0,NA
2022-06-04,4219026.109108419,629966.6137518698,1.0,0.0,NA
2022-06-04,4219489.421824947,629966.6137518698,1.0,0.0,NA
2022-06-04,4218562.796391891,629966.6137518698,1.0,0.0,NA
2022-06-04,4219489.421824947,629503.3010353418,1.0,0.0,NA
2022-06-05,4219489.421824947,629966.6137518698,1.0,0.0,NA
2022-06-05,4219026.109108419,629966.6137518698,1.0,0.0,NA
2022-06-05,4219026.109108419,629503.3010353418,1.0,0.0,NA
2022-06-05,4218562.796391891,629966.6137518698,1.0,0.0,NA
2022-06-05,4218915.448835425,629966.6137518698,1.0,0.0,NA
2022-06-05,4218915.448835425,629503.3010353418,1.0,0.0,NA
2022-06-05,4219489.421824947,629503.3010353418,1.0,0.0,NA
2022-06-05,4218915.448835425,629385.2947743271,1.0,0.0,0.6139562988281568
2022-06-05,4219489.421824947,629385.2947743271,1.0,0.0,NA
2022-06-05,4218562.796391891,629503.3010353418,1.0,0.0,NA
2022-06-05,4218562.796391891,629385.2947743271,1.0,0.0,NA
2022-06-05,4219026.109108419,629385.2947743271,1.0,0.0,NA
2022-06-06,4219026.109108419,629503.3010353418,1.0,0.0,NA
2022-06-06,4218915.448835425,629385.2947743271,1.0,0.0,22.34158813476563
2022-06-06,4218915.448835425,629966.6137518698,1.0,0.0,NA
2022-06-06,4219026.109108419,629966.6137518698,1.0,0.0,NA
2022-06-06,4218915.448835425,629503.3010353418,1.0,0.0,NA
2022-06-06,4219489.421824947,629385.2947743271,1.0,0.0,NA
2022-06-06,4219489.421824947,629966.6137518698,1.0,0.0,NA
2022-06-06,4219026.109108419,629385.2947743271,1.0,0.0,NA
2022-06-06,4218562.796391891,629385.2947743271,1.0,0.0,NA
2022-06-06,4218562.796391891,629966.6137518698,1.0,0.0,NA
2022-06-06,4218562.796391891,629503.3010353418,1.0,0.0,NA
2022-06-06,4219489.421824947,629503.3010353418,1.0,0.0,NA
2022-06-07,4218562.796391891,629385.2947743271,1.0,0.0,NA
2022-06-07,4219026.109108419,629503.3010353418,1.0,0.0,NA
2022-06-07,4219026.109108419,629966.6137518698,1.0,0.0,NA
2022-06-07,4219026.109108419,629385.2947743271,1.0,0.0,NA
2022-06-07,4219489.421824947,629385.2947743271,1.0,0.0,NA
2022-06-07,4218915.448835425,629966.6137518698,1.0,0.0,NA
2022-06-07,4219489.421824947,629503.3010353418,1.0,0.0,NA
2022-06-07,4218915.448835425,629503.3010353418,1.0,0.0,NA
2022-06-07,4218915.448835425,629385.2947743271,1.0,0.0,14.73624145507813
2022-06-07,4218562.796391891,629966.6137518698,1.0,0.0,NA
2022-06-07,4219489.421824947,629966.6137518698,1.0,0.0,NA
2022-06-07,4218562.796391891,629503.3010353418,1.0,0.0,NA
2022-06-08,4218915.448835425,629503.3010353418,1.0,0.0,NA
2022-06-08,4219026.109108419,629503.3010353418,1.0,0.0,NA
2022-06-08,4218562.796391891,629966.6137518698,1.0,0.0,NA
2022-06-08,4218562.796391891,629385.2947743271,1.0,0.0,NA
2022-06-08,4219489.421824947,629503.3010353418,1.0,0.0,NA
2022-06-08,4218562.796391891,629503.3010353418,1.0,0.0,NA
2022-06-08,4219489.421824947,629966.6137518698,1.0,0.0,NA
2022-06-08,4219026.109108419,629966.6137518698,1.0,0.0,NA
2022-06-08,4219026.109108419,629385.2947743271,1.0,0.0,NA
2022-06-08,4218915.448835425,629385.2947743271,1.0,0.0,19.21269165039064
2022-06-08,4218915.448835425,629966.6137518698,1.0,0.0,NA
2022-06-08,4219489.421824947,629385.2947743271,1.0,0.0,NA
2022-06-09,4219489.421824947,629385.2947743271,1.0,0.0,NA
2022-06-09,4218915.448835425,629966.6137518698,1.0,0.0,NA
2022-06-09,4218915.448835425,629385.2947743271,1.0,0.0,19.69040405273438
2022-06-09,4219489.421824947,629503.3010353418,1.0,0.0,NA
2022-06-09,4218915.448835425,629503.3010353418,1.0,0.0,NA
2022-06-09,4219026.109108419,629503.3010353418,1.0,0.0,NA
2022-06-09,4219026.109108419,629966.6137518698,1.0,0.0,NA
2022-06-09,4218562.796391891,629966.6137518698,1.0,0.0,NA
2022-06-09,4218562.796391891,629385.2947743271,1.0,0.0,NA
2022-06-09,4219026.109108419,629385.2947743271,1.0,0.0,NA
2022-06-09,4219489.421824947,629966.6137518698,1.0,0.0,NA
2022-06-09,4218562.796391891,629503.3010353418,1.0,0.0,NA
2022-06-10,4218915.448835425,629966.6137518698,1.0,0.0,NA
2022-06-10,4218915.448835425,629503.3010353418,1.0,0.0,NA
2022-06-10,4219026.109108419,629503.3010353418,1.0,0.0,NA
2022-06-10,4218562.796391891,629966.6137518698,1.0,0.0,NA
2022-06-10,4219489.421824947,629966.6137518698,1.0,0.0,NA
2022-06-10,4219026.109108419,629385.2947743271,1.0,0.0,NA
2022-06-10,4218562.796391891,629385.2947743271,1.0,0.0,NA
2022-06-10,4219489.421824947,629503.3010353418,1.0,0.0,NA
2022-06-10,4219489.421824947,629385.2947743271,1.0,0.0,NA
2022-06-10,4218915.448835425,629385.2947743271,1.0,0.0,14.349289550781293
2022-06-10,4219026.109108419,629966.6137518698,1.0,0.0,NA
2022-06-10,4218562.796391891,629503.3010353418,1.0,0.0,NA
2022-06-11,4218562.796391891,629503.3010353418,1.0,0.0,NA
2022-06-11,4218915.448835425,629385.2947743271,1.0,0.0,13.414273681640623
2022-06-11,4219489.421824947,629966.6137518698,1.0,0.0,NA
2022-06-11,4219026.109108419,629503.3010353418,1.0,0.0,NA
2022-06-11,4218915.448835425,629966.6137518698,1.0,0.0,NA
2022-06-11,4218562.796391891,629966.6137518698,1.0,0.0,NA
2022-06-11,4218562.796391891,629385.2947743271,1.0,0.0,NA
2022-06-11,4219489.421824947,629503.3010353418,1.0,0.0,NA
2022-06-11,4219026.109108419,629966.6137518698,1.0,0.0,NA
2022-06-11,4219489.421824947,629385.2947743271,1.0,0.0,NA
2022-06-11,4218915.448835425,629503.3010353418,1.0,0.0,NA
2022-06-11,4219026.109108419,629385.2947743271,1.0,0.0,NA
2022-06-12,4219026.109108419,629385.2947743271,1.0,0.0,NA
2022-06-12,4218562.796391891,629385.2947743271,1.0,0.0,NA
2022-06-12,4218915.448835425,629966.6137518698,1.0,0.0,NA
2022-06-12,4218562.796391891,629503.3010353418,1.0,0.0,NA
2022-06-12,4219489.421824947,629966.6137518698,1.0,0.0,NA
2022-06-12,4218915.448835425,629503.3010353418,1.0,0.0,NA
2022-06-12,4218562.796391891,629966.6137518698,1.0,0.0,NA
2022-06-12,4219489.421824947,629503.3010353418,1.0,0.0,NA
2022-06-12,4219489.421824947,629385.2947743271,1.0,0.0,NA
2022-06-12,4219026.109108419,629966.6137518698,1.0,0.0,NA
2022-06-12,4219026.109108419,629503.3010353418,1.0,0.0,NA
2022-06-12,4218915.448835425,629385.2947743271,1.0,0.0,4.702974853515627
2022-06-13,4219489.421824947,629966.6137518698,1.0,0.0,NA
2022-06-13,4219026.109108419,629385.2947743271,1.0,0.0,NA
2022-06-13,4218562.796391891,629966.6137518698,1.0,0.0,NA
2022-06-13,4219489.421824947,629503.3010353418,1.0,0.0,NA
2022-06-13,4219489.421824947,629385.2947743271,1.0,0.0,NA
2022-06-13,4218915.448835425,629385.2947743271,1.0,0.0,21.94851806640628
2022-06-13,4219026.109108419,629503.3010353418,1.0,0.0,NA
2022-06-13,4219026.109108419,629966.6137518698,1.0,0.0,NA
2022-06-13,4218915.448835425,629966.6137518698,1.0,0.0,NA
2022-06-13,4218915.448835425,629503.3010353418,1.0,0.0,NA
2022-06-13,4218562.796391891,629503.3010353418,1.0,0.0,NA
2022-06-13,4218562.796391891,629385.2947743271,1.0,0.0,NA
2022-06-14,4218915.448835425,629966.6137518698,1.0,0.0,NA
2022-06-14,4218915.448835425,629385.2947743271,1.0,0.0,11.858040771484411
2022-06-14,4218562.796391891,629503.3010353418,1.0,0.0,NA
2022-06-14,4218562.796391891,629966.6137518698,1.0,0.0,NA
2022-06-14,4218915.448835425,629503.3010353418,1.0,0.0,NA
2022-06-14,4218562.796391891,629385.2947743271,1.0,0.0,NA
2022-06-14,4219026.109108419,629385.2947743271,1.0,0.0,NA
2022-06-14,4219489.421824947,629503.3010353418,1.0,0.0,NA
2022-06-14,4219489.421824947,629966.6137518698,1.0,0.0,NA
2022-06-14,4219026.109108419,629966.6137518698,1.0,0.0,NA
2022-06-14,4219489.421824947,629385.2947743271,1.0,0.0,NA
2022-06-14,4219026.109108419,629503.3010353418,1.0,0.0,NA
2022-06-15,4219489.421824947,629503.3010353418,1.0,0.0,NA
2022-06-15,4218562.796391891,629503.3010353418,1.0,0.0,NA
2022-06-15,4219026.109108419,629966.6137518698,1.0,0.0,NA
2022-06-15,4219026.109108419,629503.3010353418,1.0,0.0,NA
2022-06-15,4218562.796391891,629966.6137518698,1.0,0.0,NA
2022-06-15,4219489.421824947,629966.6137518698,1.0,0.0,NA
2022-06-15,4218915.448835425,629385.2947743271,1.0,0.0,18.434606933593784
2022-06-15,4219489.421824947,629385.2947743271,1.0,0.0,NA
2022-06-15,4218562.796391891,629385.2947743271,1.0,0.0,NA
2022-06-15,4219026.109108419,629385.2947743271,1.0,0.0,NA
2022-06-15,4218915.448835425,629503.3010353418,1.0,0.0,NA
2022-06-15,4218915.448835425,629966.6137518698,1.0,0.0,NA
2022-06-16,4218562.796391891,629966.6137518698,1.0,0.0,NA
2022-06-16,4219489.421824947,629385.2947743271,1.0,0.0,NA
2022-06-16,4219026.109108419,629503.3010353418,1.0,0.0,NA
2022-06-16,4218562.796391891,629503.3010353418,1.0,0.0,NA
2022-06-16,4218915.448835425,629503.3010353418,1.0,0.0,NA
2022-06-16,4219489.421824947,629966.6137518698,1.0,0.0,NA
2022-06-16,4219026.109108419,629385.2947743271,1.0,0.0,NA
2022-06-16,4219489.421824947,629503.3010353418,1.0,0.0,NA
2022-06-16,4218915.448835425,629385.2947743271,1.0,0.0,8.602971191406255
2022-06-16,4218562.796391891,629385.2947743271,1.0,0.0,NA
2022-06-16,4219026.109108419,629966.6137518698,1.0,0.0,NA
2022-06-16,4218915.448835425,629966.6137518698,1.0,0.0,NA
2022-06-17,4219026.109108419,629966.6137518698,1.0,0.0,NA
2022-06-17,4218915.448835425,629503.3010353418,1.0,0.0,NA
2022-06-17,4218562.796391891,629966.6137518698,1.0,0.0,NA
2022-06-17,4219489.421824947,629385.2947743271,1.0,0.0,NA
2022-06-17,4218562.796391891,629503.3010353418,1.0,0.0,NA
2022-06-17,4219026.109108419,629385.2947743271,1.0,0.0,NA
2022-06-17,4218915.448835425,629385.2947743271,1.0,0.0,7.609903564453134
2022-06-17,4218915.448835425,629966.6137518698,1.0,0.0,NA
2022-06-17,4219489.421824947,629966.6137518698,1.0,0.0,NA
2022-06-17,4219489.421824947,629503.3010353418,1.0,0.0,NA
2022-06-17,4218562.796391891,629385.2947743271,1.0,0.0,NA
2022-06-17,4219026.109108419,629503.3010353418,1.0,0.0,NA
2022-06-18,4219026.109108419,629385.2947743271,1.0,0.0,NA
2022-06-18,4218915.448835425,629385.2947743271,1.0,0.0,15.417365722656257
2022-06-18,4218915.448835425,629966.6137518698,1.0,0.0,NA
2022-06-18,4218562.796391891,629966.6137518698,1.0,0.0,NA
2022-06-18,4219489.421824947,629385.2947743271,1.0,0.0,NA
2022-06-18,4218562.796391891,629385.2947743271,1.0,0.0,NA
2022-06-18,4219489.421824947,629503.3010353418,1.0,0.0,NA
2022-06-18,4219489.421824947,629966.6137518698,1.0,0.0,NA
2022-06-18,4219026.109108419,629966.6137518698,1.0,0.0,NA
2022-06-18,4219026.109108419,629503.3010353418,1.0,0.0,NA
2022-06-18,4218915.448835425,629503.3010353418,1.0,0.0,NA
2022-06-18,4218562.796391891,629503.3010353418,1.0,0.0,NA
2022-06-19,4219489.421824947,629503.3010353418,1.0,0.0,NA
2022-06-19,4218562.796391891,629503.3010353418,1.0,0.0,NA
2022-06-19,4219026.109108419,629385.2947743271,1.0,0.0,NA
2022-06-19,4218562.796391891,629385.2947743271,1.0,0.0,NA
2022-06-19,4218915.448835425,629503.3010353418,1.0,0.0,NA
2022-06-19,4218562.796391891,629966.6137518698,1.0,0.0,NA
2022-06-19,4218915.448835425,629385.2947743271,1.0,0.0,10.577128906250039
2022-06-19,4218915.448835425,629966.6137518698,1.0,0.0,NA
2022-06-19,4219026.109108419,629503.3010353418,1.0,0.0,NA
2022-06-19,4219026.109108419,629966.6137518698,1.0,0.0,NA
2022-06-19,4219489.421824947,629385.2947743271,1.0,0.0,NA
2022-06-19,4219489.421824947,629966.6137518698,1.0,0.0,NA
2022-06-20,4218915.448835425,629966.6137518698,1.0,0.0,NA
2022-06-20,4218562.796391891,629385.2947743271,1.0,0.0,NA
2022-06-20,4218915.448835425,629503.3010353418,1.0,0.0,NA
2022-06-20,4219026.109108419,629503.3010353418,1.0,0.0,NA
2022-06-20,4218915.448835425,629385.2947743271,1.0,0.0,14.711287841796889
2022-06-20,4219026.109108419,629385.2947743271,1.0,0.0,NA
2022-06-20,4218562.796391891,629503.3010353418,1.0,0.0,NA
2022-06-20,4219489.421824947,629385.2947743271,1.0,0.0,NA
2022-06-20,4219489.421824947,629966.6137518698,1.0,0.0,NA
2022-06-20,4219489.421824947,629503.3010353418,1.0,0.0,NA
2022-06-20,4218562.796391891,629966.6137518698,1.0,0.0,NA
2022-06-20,4219026.109108419,629966.6137518698,1.0,0.0,NA
2022-06-21,4219026.109108419,629503.3010353418,1.0,0.0,NA
2022-06-21,4219489.421824947,629385.2947743271,1.0,0.0,NA
2022-06-21,4218562.796391891,629503.3010353418,1.0,0.0,NA
2022-06-21,4219489.421824947,629966.6137518698,1.0,0.0,NA
2022-06-21,4218915.448835425,629385.2947743271,1.0,0.0,3.5785485839844
2022-06-21,4218562.796391891,629385.2947743271,1.0,0.0,NA
2022-06-21,4219026.109108419,629966.6137518698,1.0,0.0,NA
2022-06-21,4218915.448835425,629966.6137518698,1.0,0.0,NA
2022-06-21,4219026.109108419,629385.2947743271,1.0,0.0,NA
2022-06-21,4219489.421824947,629503.3010353418,1.0,0.0,NA
2022-06-21,4218562.796391891,629966.6137518698,1.0,0.0,NA
2022-06-21,4218915.448835425,629503.3010353418,1.0,0.0,NA
2022-06-22,4219026.109108419,629385.2947743271,1.0,0.0,NA
2022-06-22,4219489.421824947,629385.2947743271,1.0,0.0,NA
2022-06-22,4218915.448835425,629385.2947743271,1.0,0.0,-7.582734374999973
2022-06-22,4218562.796391891,629503.3010353418,1.0,0.0,NA
2022-06-22,4218562.796391891,629385.2947743271,1.0,0.0,NA
2022-06-22,4218915.448835425,629966.6137518698,1.0,0.0,NA
2022-06-22,4219026.109108419,629503.3010353418,1.0,0.0,NA
2022-06-22,4219489.421824947,629966.6137518698,1.0,0.0,NA
2022-06-22,4218562.796391891,629966.6137518698,1.0,0.0,NA
2022-06-22,4219026.109108419,629966.6137518698,1.0,0.0,NA
2022-06-22,4218915.448835425,629503.3010353418,1.0,0.0,NA
2022-06-22,4219489.421824947,629503.3010353418,1.0,0.0,NA
2022-06-23,4218562.796391891,629503.3010353418,1.0,0.0,NA
2022-06-23,4219489.421824947,629385.2947743271,1.0,0.0,NA
2022-06-23,4219026.109108419,629503.3010353418,1.0,0.0,NA
2022-06-23,4219489.421824947,629966.6137518698,1.0,0.0,NA
2022-06-23,4218915.448835425,629503.3010353418,1.0,0.0,NA
2022-06-23,4219489.421824947,629503.3010353418,1.0,0.0,NA
2022-06-23,4219026.109108419,629385.2947743271,1.0,0.0,NA
2022-06-23,4218562.796391891,629385.2947743271,1.0,0.0,NA
2022-06-23,4219026.109108419,629966.6137518698,1.0,0.0,NA
2022-06-23,4218562.796391891,629966.6137518698,1.0,0.0,NA
2022-06-23,4218915.448835425,629385.2947743271,1.0,0.0,3.7891516113281227
2022-06-23,4218915.448835425,629966.6137518698,1.0,0.0,NA
2022-06-24,4219489.421824947,629966.6137518698,1.0,0.0,NA
2022-06-24,4219026.109108419,629966.6137518698,1.0,0.0,NA
2022-06-24,4218915.448835425,629385.2947743271,1.0,0.0,7.3004333496094205
2022-06-24,4219489.421824947,629385.2947743271,1.0,0.0,NA
2022-06-24,4219489.421824947,629503.3010353418,1.0,0.0,NA
2022-06-24,4219026.109108419,629385.2947743271,1.0,0.0,NA
2022-06-24,4218562.796391891,629503.3010353418,1.0,0.0,NA
2022-06-24,4218562.796391891,629385.2947743271,1.0,0.0,NA
2022-06-24,4218915.448835425,629966.6137518698,1.0,0.0,NA
2022-06-24,4218915.448835425,629503.3010353418,1.0,0.0,NA
2022-06-24,4218562.796391891,629966.6137518698,1.0,0.0,NA
2022-06-24,4219026.109108419,629503.3010353418,1.0,0.0,NA
2022-06-25,4219026.109108419,629385.2947743271,1.0,0.0,NA
2022-06-25,4218562.796391891,629385.2947743271,1.0,0.0,NA
2022-06-25,4218562.796391891,629966.6137518698,1.0,0.0,NA
2022-06-25,4219026.109108419,629966.6137518698,1.0,0.0,NA
2022-06-25,4219489.421824947,629503.3010353418,1.0,0.0,NA
2022-06-25,4218915.448835425,629966.6137518698,1.0,0.0,NA
2022-06-25,4219489.421824947,629966.6137518698,1.0,0.0,NA
2022-06-25,4218915.448835425,629503.3010353418,1.0,0.0,NA
2022-06-25,4218562.796391891,629503.3010353418,1.0,0.0,NA
2022-06-25,4219489.421824947,629385.2947743271,1.0,0.0,NA
2022-06-25,4218915.448835425,629385.2947743271,1.0,0.0,6.281295166015639
2022-06-25,4219026.109108419,629503.3010353418,1.0,0.0,NA
2022-06-26,4218562.796391891,629385.2947743271,1.0,0.0,NA
2022-06-26,4219026.109108419,629503.3010353418,1.0,0.0,NA
2022-06-26,4219026.109108419,629966.6137518698,1.0,0.0,NA
2022-06-26,4218562.796391891,629966.6137518698,1.0,0.0,NA
2022-06-26,4218915.448835425,629503.3010353418,1.0,0.0,NA
2022-06-26,4218915.448835425,629966.6137518698,1.0,0.0,NA
2022-06-26,4219489.421824947,629966.6137518698,1.0,0.0,NA
2022-06-26,4219489.421824947,629385.2947743271,1.0,0.0,NA
2022-06-26,4218915.448835425,629385.2947743271,1.0,0.0,5.716408691406286
2022-06-26,4218562.796391891,629503.3010353418,1.0,0.0,NA
2022-06-26,4219489.421824947,629503.3010353418,1.0,0.0,NA
2022-06-26,4219026.109108419,629385.2947743271,1.0,0.0,NA
2022-06-27,4219489.421824947,629385.2947743271,1.0,0.0,NA
2022-06-27,4218562.796391891,629385.2947743271,1.0,0.0,NA
2022-06-27,4219026.109108419,629966.6137518698,1.0,0.0,NA
2022-06-27,4219489.421824947,629966.6137518698,1.0,0.0,NA
2022-06-27,4218562.796391891,629966.6137518698,1.0,0.0,NA
2022-06-27,4219489.421824947,629503.3010353418,1.0,0.0,NA
2022-06-27,4218915.448835425,629385.2947743271,1.0,0.0,4.737891845703132
2022-06-27,4219026.109108419,629503.3010353418,1.0,0.0,NA
2022-06-27,4219026.109108419,629385.2947743271,1.0,0.0,NA
2022-06-27,4218915.448835425,629966.6137518698,1.0,0.0,NA
2022-06-27,4218915.448835425,629503.3010353418,1.0,0.0,NA
2022-06-27,4218562.796391891,629503.3010353418,1.0,0.0,NA
2022-06-28,4218562.796391891,629385.2947743271,1.0,0.0,NA
2022-06-28,4219026.109108419,629503.3010353418,1.0,0.0,NA
2022-06-28,4218915.448835425,629966.6137518698,1.0,0.0,NA
2022-06-28,4219026.109108419,629385.2947743271,1.0,0.0,NA
2022-06-28,4219026.109108419,629966.6137518698,1.0,0.0,NA
2022-06-28,4218562.796391891,629966.6137518698,1.0,0.0,NA
2022-06-28,4219489.421824947,629966.6137518698,1.0,0.0,NA
2022-06-28,4219489.421824947,629503.3010353418,1.0,0.0,NA
2022-06-28,4218915.448835425,629385.2947743271,1.0,0.0,2.820472412109382
2022-06-28,4218562.796391891,629503.3010353418,1.0,0.0,NA
2022-06-28,4219489.421824947,629385.2947743271,1.0,0.0,NA
2022-06-28,4218915.448835425,629503.3010353418,1.0,0.0,NA
2022-06-29,4219026.109108419,629503.3010353418,1.0,0.0,NA
2022-06-29,4218915.448835425,629385.2947743271,1.0,0.0,4.405616455078132
2022-06-29,4219489.421824947,629385.2947743271,1.0,0.0,NA
2022-06-29,4219026.109108419,629966.6137518698,1.0,0.0,NA
2022-06-29,4218915.448835425,629966.6137518698,1.0,0.0,NA
2022-06-29,4219489.421824947,629966.6137518698,1.0,0.0,NA
2022-06-29,4219026.109108419,629385.2947743271,1.0,0.0,NA
2022-06-29,4218562.796391891,629385.2947743271,1.0,0.0,NA
2022-06-29,4218562.796391891,629966.6137518698,1.0,0.0,NA
2022-06-29,4218915.448835425,629503.3010353418,1.0,0.0,NA
2022-06-29,4219489.421824947,629503.3010353418,1.0,0.0,NA
2022-06-29,4218562.796391891,629503.3010353418,1.0,0.0,NA
2022-06-30,4218915.448835425,629503.3010353418,1.0,0.0,NA
2022-06-30,4218562.796391891,629966.6137518698,1.0,0.0,NA
2022-06-30,4218562.796391891,629385.2947743271,1.0,0.0,NA
2022-06-30,4219026.109108419,629503.3010353418,1.0,0.0,NA
2022-06-30,4219489.421824947,629503.3010353418,1.0,0.0,NA
2022-06-30,4219489.421824947,629966.6137518698,1.0,0.0,NA
2022-06-30,4218915.448835425,629385.2947743271,1.0,0.0,4.198314208984414
2022-06-30,4219026.109108419,629966.6137518698,1.0,0.0,NA
2022-06-30,4218562.796391891,629503.3010353418,1.0,0.0,NA
2022-06-30,4218915.448835425,629966.6137518698,1.0,0.0,NA
2022-06-30,4219489.421824947,629385.2947743271,1.0,0.0,NA
2022-06-30,4219026.109108419,629385.2947743271,1.0,0.0,NA
2022-07-01,4218562.796391891,629503.3010353418,1.0,0.0,NA
2022-07-01,4219489.421824947,629385.2947743271,1.0,0.0,NA
2022-07-01,4219026.109108419,629385.2947743271,1.0,0.0,NA
2022-07-01,4218562.796391891,629966.6137518698,1.0,0.0,NA
2022-07-01,4218915.448835425,629385.2947743271,1.0,0.0,9.650277099609411
2022-07-01,4219026.109108419,629966.6137518698,1.0,0.0,NA
2022-07-01,4219489.421824947,629966.6137518698,1.0,0.0,NA
2022-07-01,4219489.421824947,629503.3010353418,1.0,0.0,NA
2022-07-01,4218915.448835425,629503.3010353418,1.0,0.0,NA
2022-07-01,4218915.448835425,629966.6137518698,1.0,0.0,NA
2022-07-01,4218562.796391891,629385.2947743271,1.0,0.0,NA
2022-07-01,4219026.109108419,629503.3010353418,1.0,0.0,NA
2022-07-02,4219489.421824947,629385.2947743271,1.0,0.0,NA
2022-07-02,4218915.448835425,629966.6137518698,1.0,0.0,NA
2022-07-02,4219489.421824947,629966.6137518698,1.0,0.0,NA
2022-07-02,4218562.796391891,629503.3010353418,1.0,0.0,NA
2022-07-02,4219026.109108419,629966.6137518698,1.0,0.0,NA
2022-07-02,4218915.448835425,629503.3010353418,1.0,0.0,NA
2022-07-02,4218562.796391891,629385.2947743271,1.0,0.0,NA
2022-07-02,4219026.109108419,629385.2947743271,1.0,0.0,NA
2022-07-02,4218562.796391891,629966.6137518698,1.0,0.0,NA
2022-07-02,4219026.109108419,629503.3010353418,1.0,0.0,NA
2022-07-02,4218915.448835425,629385.2947743271,1.0,0.0,3.176174316406275
2022-07-02,4219489.421824947,629503.3010353418,1.0,0.0,NA
2022-07-03,4218915.448835425,629966.6137518698,1.0,0.0,NA
2022-07-03,4218562.796391891,629966.6137518698,1.0,0.0,NA
2022-07-03,4219026.109108419,629385.2947743271,1.0,0.0,NA
2022-07-03,4218562.796391891,629503.3010353418,1.0,0.0,NA
2022-07-03,4219026.109108419,629503.3010353418,1.0,0.0,NA
2022-07-03,4218562.796391891,629385.2947743271,1.0,0.0,NA
2022-07-03,4218915.448835425,629503.3010353418,1.0,0.0,NA
2022-07-03,4219489.421824947,629385.2947743271,1.0,0.0,NA
2022-07-03,4219489.421824947,629503.3010353418,1.0,0.0,NA
2022-07-03,4218915.448835425,629385.2947743271,1.0,0.0,7.264967041015666
2022-07-03,4219026.109108419,629966.6137518698,1.0,0.0,NA
2022-07-03,4219489.421824947,629966.6137518698,1.0,0.0,NA
2022-07-04,4218915.448835425,629966.6137518698,1.0,0.0,NA
2022-07-04,4219026.109108419,629385.2947743271,1.0,0.0,NA
2022-07-04,4219489.421824947,629966.6137518698,1.0,0.0,NA
2022-07-04,4218562.796391891,629385.2947743271,1.0,0.0,NA
2022-07-04,4218562.796391891,629966.6137518698,1.0,0.0,NA
2022-07-04,4218915.448835425,629503.3010353418,1.0,0.0,NA
2022-07-04,4218562.796391891,629503.3010353418,1.0,0.0,NA
2022-07-04,4219489.421824947,629503.3010353418,1.0,0.0,NA
2022-07-04,4219026.109108419,629503.3010353418,1.0,0.0,NA
2022-07-04,4218915.448835425,629385.2947743271,1.0,0.0,5.610788574218759
2022-07-04,4219489.421824947,629385.2947743271,1.0,0.0,NA
2022-07-04,4219026.109108419,629966.6137518698,1.0,0.0,NA
2022-07-05,4218915.448835425,629503.3010353418,1.0,0.0,NA
2022-07-05,4218915.448835425,629966.6137518698,1.0,0.0,NA
2022-07-05,4219026.109108419,629503.3010353418,1.0,0.0,NA
2022-07-05,4219489.421824947,629385.2947743271,1.0,0.0,NA
2022-07-05,4218915.448835425,629385.2947743271,1.0,0.0,6.247545166015641
2022-07-05,4219026.109108419,629385.2947743271,1.0,0.0,NA
2022-07-05,4219489.421824947,629966.6137518698,1.0,0.0,NA
2022-07-05,4219026.109108419,629966.6137518698,1.0,0.0,NA
2022-07-05,4218562.796391891,629503.3010353418,1.0,0.0,NA
2022-07-05,4218562.796391891,629385.2947743271,1.0,0.0,NA
2022-07-05,4219489.421824947,629503.3010353418,1.0,0.0,NA
2022-07-05,4218562.796391891,629966.6137518698,1.0,0.0,NA
2022-07-06,4219026.109108419,629385.2947743271,1.0,0.0,NA
2022-07-06,4218915.448835425,629503.3010353418,1.0,0.0,NA
2022-07-06,4218562.796391891,629503.3010353418,1.0,0.0,NA
2022-07-06,4219489.421824947,629503.3010353418,1.0,0.0,NA
2022-07-06,4218915.448835425,629966.6137518698,1.0,0.0,NA
2022-07-06,4218562.796391891,629966.6137518698,1.0,0.0,NA
2022-07-06,4218562.796391891,629385.2947743271,1.0,0.0,NA
2022-07-06,4219026.109108419,629966.6137518698,1.0,0.0,NA
2022-07-06,4219026.109108419,629503.3010353418,1.0,0.0,NA
2022-07-06,4218915.448835425,629385.2947743271,1.0,0.0,5.987896728515636
2022-07-06,4219489.421824947,629385.2947743271,1.0,0.0,NA
2022-07-06,4219489.421824947,629966.6137518698,1.0,0.0,NA
2022-07-07,4218562.796391891,629385.2947743271,1.0,0.0,NA
2022-07-07,4219026.109108419,629966.6137518698,1.0,0.0,NA
2022-07-07,4218915.448835425,629503.3010353418,1.0,0.0,NA
2022-07-07,4219489.421824947,629966.6137518698,1.0,0.0,NA
2022-07-07,4218562.796391891,629503.3010353418,1.0,0.0,NA
2022-07-07,4219489.421824947,629385.2947743271,1.0,0.0,NA
2022-07-07,4218915.448835425,629385.2947743271,1.0,0.0,6.178419189453166
2022-07-07,4218562.796391891,629966.6137518698,1.0,0.0,NA
2022-07-07,4219489.421824947,629503.3010353418,1.0,0.0,NA
2022-07-07,4219026.109108419,629503.3010353418,1.0,0.0,NA
2022-07-07,4218915.448835425,629966.6137518698,1.0,0.0,NA
2022-07-07,4219026.109108419,629385.2947743271,1.0,0.0,NA
2022-07-08,4218562.796391891,629966.6137518698,1.0,0.0,NA
2022-07-08,4219026.109108419,629966.6137518698,1.0,0.0,NA
2022-07-08,4219026.109108419,629503.3010353418,1.0,0.0,NA
2022-07-08,4219489.421824947,629503.3010353418,1.0,0.0,NA
2022-07-08,4218915.448835425,629385.2947743271,1.0,0.0,7.891380615234425
2022-07-08,4219489.421824947,629385.2947743271,1.0,0.0,NA
2022-07-08,4218915.448835425,629966.6137518698,1.0,0.0,NA
2022-07-08,4219026.109108419,629385.2947743271,1.0,0.0,NA
2022-07-08,4219489.421824947,629966.6137518698,1.0,0.0,NA
2022-07-08,4218562.796391891,629385.2947743271,1.0,0.0,NA
2022-07-08,4218915.448835425,629503.3010353418,1.0,0.0,NA
2022-07-08,4218562.796391891,629503.3010353418,1.0,0.0,NA
2022-07-09,4218562.796391891,629966.6137518698,1.0,0.0,NA
2022-07-09,4219489.421824947,629966.6137518698,1.0,0.0,NA
2022-07-09,4219026.109108419,629966.6137518698,1.0,0.0,NA
2022-07-09,4219026.109108419,629503.3010353418,1.0,0.0,NA
2022-07-09,4218562.796391891,629503.3010353418,1.0,0.0,NA
2022-07-09,4218915.448835425,629385.2947743271,1.0,0.0,3.0794213867187636
2022-07-09,4218562.796391891,629385.2947743271,1.0,0.0,NA
2022-07-09,4219489.421824947,629503.3010353418,1.0,0.0,NA
2022-07-09,4219489.421824947,629385.2947743271,1.0,0.0,NA
2022-07-09,4219026.109108419,629385.2947743271,1.0,0.0,NA
2022-07-09,4218915.448835425,629503.3010353418,1.0,0.0,NA
2022-07-09,4218915.448835425,629966.6137518698,1.0,0.0,NA
2022-07-10,4219026.109108419,629503.3010353418,1.0,0.0,NA
2022-07-10,4218915.448835425,629503.3010353418,1.0,0.0,NA
2022-07-10,4219489.421824947,629966.6137518698,1.0,0.0,NA
2022-07-10,4218562.796391891,629503.3010353418,1.0,0.0,NA
2022-07-10,4219026.109108419,629385.2947743271,1.0,0.0,NA
2022-07-10,4219489.421824947,629503.3010353418,1.0,0.0,NA
2022-07-10,4218562.796391891,629966.6137518698,1.0,0.0,NA
2022-07-10,4218915.448835425,629385.2947743271,1.0,0.0,5.968413085937527
2022-07-10,4219489.421824947,629385.2947743271,1.0,0.0,NA
2022-07-10,4218562.796391891,629385.2947743271,1.0,0.0,NA
2022-07-10,4218915.448835425,629966.6137518698,1.0,0.0,NA
2022-07-10,4219026.109108419,629966.6137518698,1.0,0.0,NA
2022-07-11,4218562.796391891,629966.6137518698,1.0,0.0,NA
2022-07-11,4218562.796391891,629385.2947743271,1.0,0.0,NA
2022-07-11,4219489.421824947,629966.6137518698,1.0,0.0,NA
2022-07-11,4219026.109108419,629966.6137518698,1.0,0.0,NA
2022-07-11,4218915.448835425,629503.3010353418,1.0,0.0,NA
2022-07-11,4219026.109108419,629503.3010353418,1.0,0.0,NA
2022-07-11,4218562.796391891,629503.3010353418,1.0,0.0,NA
2022-07-11,4219489.421824947,629503.3010353418,1.0,0.0,NA
2022-07-11,4218915.448835425,629385.2947743271,1.0,0.0,3.6781604003906523
2022-07-11,4219026.109108419,629385.2947743271,1.0,0.0,NA
2022-07-11,4219489.421824947,629385.2947743271,1.0,0.0,NA
2022-07-11,4218915.448835425,629966.6137518698,1.0,0.0,NA
2022-07-12,4219489.421824947,629503.3010353418,1.0,0.0,NA
2022-07-12,4218562.796391891,629966.6137518698,1.0,0.0,NA
2022-07-12,4219026.109108419,629385.2947743271,1.0,0.0,NA
2022-07-12,4218562.796391891,629503.3010353418,1.0,0.0,NA
2022-07-12,4219026.109108419,629966.6137518698,1.0,0.0,NA
2022-07-12,4219489.421824947,629966.6137518698,1.0,0.0,NA
2022-07-12,4218562.796391891,629385.2947743271,1.0,0.0,NA
2022-07-12,4218915.448835425,629503.3010353418,1.0,0.0,NA
2022-07-12,4218915.448835425,629966.6137518698,1.0,0.0,NA
2022-07-12,4219489.421824947,629385.2947743271,1.0,0.0,NA
2022-07-12,4218915.448835425,629385.2947743271,1.0,0.0,-1.4847741699218773
2022-07-12,4219026.109108419,629503.3010353418,1.0,0.0,NA
2022-07-13,4219026.109108419,629503.3010353418,1.0,0.0,NA
2022-07-13,4218562.796391891,629503.3010353418,1.0,0.0,NA
2022-07-13,4219489.421824947,629966.6137518698,1.0,0.0,NA
2022-07-13,4218915.448835425,629503.3010353418,1.0,0.0,NA
2022-07-13,4218915.448835425,629966.6137518698,1.0,0.0,NA
2022-07-13,4219489.421824947,629385.2947743271,1.0,0.0,NA
2022-07-13,4219026.109108419,629385.2947743271,1.0,0.0,NA
2022-07-13,4218915.448835425,629385.2947743271,1.0,0.0,4.401984863281257
2022-07-13,4218562.796391891,629966.6137518698,1.0,0.0,NA
2022-07-13,4219489.421824947,629503.3010353418,1.0,0.0,NA
2022-07-13,4218562.796391891,629385.2947743271,1.0,0.0,NA
2022-07-13,4219026.109108419,629966.6137518698,1.0,0.0,NA
2022-07-14,4218562.796391891,629966.6137518698,1.0,0.0,NA
2022-07-14,4218562.796391891,629503.3010353418,1.0,0.0,NA
2022-07-14,4219026.109108419,629503.3010353418,1.0,0.0,NA
2022-07-14,4218915.448835425,629503.3010353418,1.0,0.0,NA
2022-07-14,4218562.796391891,629385.2947743271,1.0,0.0,NA
2022-07-14,4219026.109108419,629966.6137518698,1.0,0.0,NA
2022-07-14,4219489.421824947,629385.2947743271,1.0,0.0,NA
2022-07-14,4219489.421824947,629503.3010353418,1.0,0.0,NA
2022-07-14,4219026.109108419,629385.2947743271,1.0,0.0,NA
2022-07-14,4219489.421824947,629966.6137518698,1.0,0.0,NA
2022-07-14,4218915.448835425,629385.2947743271,1.0,0.0,4.5497619628906705
2022-07-14,4218915.448835425,629966.6137518698,1.0,0.0,NA
2022-07-15,4219489.421824947,629503.3010353418,1.0,0.0,NA
2022-07-15,4219026.109108419,629966.6137518698,1.0,0.0,NA
2022-07-15,4218915.448835425,629966.6137518698,1.0,0.0,NA
2022-07-15,4219026.109108419,629503.3010353418,1.0,0.0,NA
2022-07-15,4218562.796391891,629966.6137518698,1.0,0.0,NA
2022-07-15,4219489.421824947,629966.6137518698,1.0,0.0,NA
2022-07-15,4218915.448835425,629503.3010353418,1.0,0.0,NA
2022-07-15,4218562.796391891,629503.3010353418,1.0,0.0,NA
2022-07-15,4218562.796391891,629385.2947743271,1.0,0.0,NA
2022-07-15,4219026.109108419,629385.2947743271,1.0,0.0,NA
2022-07-15,4218915.448835425,629385.2947743271,1.0,0.0,5.4363012695312705
2022-07-15,4219489.421824947,629385.2947743271,1.0,0.0,NA
2022-07-16,4219489.421824947,629503.3010353418,1.0,0.0,NA
2022-07-16,4219489.421824947,629966.6137518698,1.0,0.0,NA
2022-07-16,4218562.796391891,629503.3010353418,1.0,0.0,NA
2022-07-16,4218562.796391891,629966.6137518698,1.0,0.0,NA
2022-07-16,4218915.448835425,629503.3010353418,1.0,0.0,NA
2022-07-16,4219489.421824947,629385.2947743271,1.0,0.0,NA
2022-07-16,4218915.448835425,629385.2947743271,1.0,0.0,6.051401367187509
2022-07-16,4219026.109108419,629385.2947743271,1.0,0.0,NA
2022-07-16,4219026.109108419,629503.3010353418,1.0,0.0,NA
2022-07-16,4218915.448835425,629966.6137518698,1.0,0.0,NA
2022-07-16,4218562.796391891,629385.2947743271,1.0,0.0,NA
2022-07-16,4219026.109108419,629966.6137518698,1.0,0.0,NA
2022-07-17,4219489.421824947,629503.3010353418,1.0,0.0,NA
2022-07-17,4219026.109108419,629385.2947743271,1.0,0.0,NA
2022-07-17,4219489.421824947,629966.6137518698,1.0,0.0,NA
2022-07-17,4219026.109108419,629503.3010353418,1.0,0.0,NA
2022-07-17,4218562.796391891,629385.2947743271,1.0,0.0,NA
2022-07-17,4218562.796391891,629966.6137518698,1.0,0.0,NA
2022-07-17,4219489.421824947,629385.2947743271,1.0,0.0,NA
2022-07-17,4219026.109108419,629966.6137518698,1.0,0.0,NA
2022-07-17,4218915.448835425,629503.3010353418,1.0,0.0,NA
2022-07-17,4218915.448835425,629385.2947743271,1.0,0.0,2.367149658203175
2022-07-17,4218915.448835425,629966.6137518698,1.0,0.0,NA
2022-07-17,4218562.796391891,629503.3010353418,1.0,0.0,NA
2022-07-18,4218915.448835425,629503.3010353418,1.0,0.0,NA
2022-07-18,4219026.109108419,629385.2947743271,1.0,0.0,NA
2022-07-18,4219026.109108419,629966.6137518698,1.0,0.0,NA
2022-07-18,4218562.796391891,629503.3010353418,1.0,0.0,NA
2022-07-18,4218562.796391891,629966.6137518698,1.0,0.0,NA
2022-07-18,4219489.421824947,629503.3010353418,1.0,0.0,NA
2022-07-18,4218915.448835425,629385.2947743271,1.0,0.0,3.4027429199218773
2022-07-18,4219489.421824947,629385.2947743271,1.0,0.0,NA
2022-07-18,4218915.448835425,629966.6137518698,1.0,0.0,NA
2022-07-18,4219026.109108419,629503.3010353418,1.0,0.0,NA
2022-07-18,4219489.421824947,629966.6137518698,1.0,0.0,NA
2022-07-18,4218562.796391891,629385.2947743271,1.0,0.0,NA
2022-07-19,4219489.421824947,629966.6137518698,1.0,0.0,NA
2022-07-19,4218915.448835425,629385.2947743271,1.0,0.0,1.4751562499999977
2022-07-19,4218915.448835425,629503.3010353418,1.0,0.0,NA
2022-07-19,4219026.109108419,629385.2947743271,1.0,0.0,NA
2022-07-19,4218915.448835425,629966.6137518698,1.0,0.0,NA
2022-07-19,4219026.109108419,629503.3010353418,1.0,0.0,NA
2022-07-19,4218562.796391891,629385.2947743271,1.0,0.0,NA
2022-07-19,4219489.421824947,629385.2947743271,1.0,0.0,NA
2022-07-19,4218562.796391891,629503.3010353418,1.0,0.0,NA
2022-07-19,4219489.421824947,629503.3010353418,1.0,0.0,NA
2022-07-19,4219026.109108419,629966.6137518698,1.0,0.0,NA
2022-07-19,4218562.796391891,629966.6137518698,1.0,0.0,NA
2022-07-20,4219489.421824947,629503.3010353418,1.0,0.0,NA
2022-07-20,4218562.796391891,629966.6137518698,1.0,0.0,NA
2022-07-20,4218915.448835425,629966.6137518698,1.0,0.0,NA
2022-07-20,4219489.421824947,629966.6137518698,1.0,0.0,NA
2022-07-20,4218915.448835425,629385.2947743271,1.0,0.0,3.7738061523437523
2022-07-20,4219489.421824947,629385.2947743271,1.0,0.0,NA
2022-07-20,4219026.109108419,629966.6137518698,1.0,0.0,NA
2022-07-20,4218562.796391891,629385.2947743271,1.0,0.0,NA
2022-07-20,4219026.109108419,629503.3010353418,1.0,0.0,NA
2022-07-20,4219026.109108419,629385.2947743271,1.0,0.0,NA
2022-07-20,4218562.796391891,629503.3010353418,1.0,0.0,NA
2022-07-20,4218915.448835425,629503.3010353418,1.0,0.0,NA
2022-07-21,4218915.448835425,629503.3010353418,1.0,0.0,NA
2022-07-21,4219489.421824947,629503.3010353418,1.0,0.0,NA
2022-07-21,4218562.796391891,629385.2947743271,1.0,0.0,NA
2022-07-21,4218915.448835425,629385.2947743271,1.0,0.0,2.9764697265625273
2022-07-21,4219026.109108419,629385.2947743271,1.0,0.0,NA
2022-07-21,4218562.796391891,629966.6137518698,1.0,0.0,NA
2022-07-21,4219026.109108419,629503.3010353418,1.0,0.0,NA
2022-07-21,4218562.796391891,629503.3010353418,1.0,0.0,NA
2022-07-21,4219489.421824947,629966.6137518698,1.0,0.0,NA
2022-07-21,4218915.448835425,629966.6137518698,1.0,0.0,NA
2022-07-21,4219026.109108419,629966.6137518698,1.0,0.0,NA
2022-07-21,4219489.421824947,629385.2947743271,1.0,0.0,NA
2022-07-22,4218562.796391891,629503.3010353418,1.0,0.0,NA
2022-07-22,4219026.109108419,629503.3010353418,1.0,0.0,NA
2022-07-22,4219489.421824947,629385.2947743271,1.0,0.0,NA
2022-07-22,4218562.796391891,629966.6137518698,1.0,0.0,NA
2022-07-22,4219489.421824947,629503.3010353418,1.0,0.0,NA
2022-07-22,4218915.448835425,629966.6137518698,1.0,0.0,NA
2022-07-22,4219489.421824947,629966.6137518698,1.0,0.0,NA
2022-07-22,4218915.448835425,629385.2947743271,1.0,0.0,3.201572265625032
2022-07-22,4219026.109108419,629966.6137518698,1.0,0.0,NA
2022-07-22,4218915.448835425,629503.3010353418,1.0,0.0,NA
2022-07-22,4219026.109108419,629385.2947743271,1.0,0.0,NA
2022-07-22,4218562.796391891,629385.2947743271,1.0,0.0,NA
2022-07-23,4218562.796391891,629966.6137518698,1.0,0.0,NA
2022-07-23,4218915.448835425,629385.2947743271,1.0,0.0,4.519594726562502
2022-07-23,4218915.448835425,629503.3010353418,1.0,0.0,NA
2022-07-23,4219026.109108419,629385.2947743271,1.0,0.0,NA
2022-07-23,4219489.421824947,629503.3010353418,1.0,0.0,NA
2022-07-23,4218915.448835425,629966.6137518698,1.0,0.0,NA
2022-07-23,4219489.421824947,629385.2947743271,1.0,0.0,NA
2022-07-23,4218562.796391891,629503.3010353418,1.0,0.0,NA
2022-07-23,4219026.109108419,629966.6137518698,1.0,0.0,NA
2022-07-23,4218562.796391891,629385.2947743271,1.0,0.0,NA
2022-07-23,4219026.109108419,629503.3010353418,1.0,0.0,NA
2022-07-23,4219489.421824947,629966.6137518698,1.0,0.0,NA
2022-07-24,4219026.109108419,629385.2947743271,1.0,0.0,NA
2022-07-24,4218562.796391891,629503.3010353418,1.0,0.0,NA
2022-07-24,4219489.421824947,629503.3010353418,1.0,0.0,NA
2022-07-24,4218562.796391891,629966.6137518698,1.0,0.0,NA
2022-07-24,4218915.448835425,629385.2947743271,1.0,0.0,3.021097412109384
2022-07-24,4219026.109108419,629966.6137518698,1.0,0.0,NA
2022-07-24,4218562.796391891,629385.2947743271,1.0,0.0,NA
2022-07-24,4218915.448835425,629503.3010353418,1.0,0.0,NA
2022-07-24,4219489.421824947,629966.6137518698,1.0,0.0,NA
2022-07-24,4218915.448835425,629966.6137518698,1.0,0.0,NA
2022-07-24,4219489.421824947,629385.2947743271,1.0,0.0,NA
2022-07-24,4219026.109108419,629503.3010353418,1.0,0.0,NA
2022-07-25,4219026.109108419,629966.6137518698,1.0,0.0,NA
2022-07-25,4218915.448835425,629503.3010353418,1.0,0.0,NA
2022-07-25,4218915.448835425,629966.6137518698,1.0,0.0,NA
2022-07-25,4218915.448835425,629385.2947743271,1.0,0.0,0.8998583984375159
2022-07-25,4219026.109108419,629385.2947743271,1.0,0.0,NA
2022-07-25,4219026.109108419,629503.3010353418,1.0,0.0,NA
2022-07-25,4218562.796391891,629385.2947743271,1.0,0.0,NA
2022-07-25,4219489.421824947,629966.6137518698,1.0,0.0,NA
2022-07-25,4218562.796391891,629966.6137518698,1.0,0.0,NA
2022-07-25,4219489.421824947,629503.3010353418,1.0,0.0,NA
2022-07-25,4218562.796391891,629503.3010353418,1.0,0.0,NA
2022-07-25,4219489.421824947,629385.2947743271,1.0,0.0,NA
2022-07-26,4219026.109108419,629966.6137518698,1.0,0.0,NA
2022-07-26,4219489.421824947,629503.3010353418,1.0,0.0,NA
2022-07-26,4218915.448835425,629385.2947743271,1.0,0.0,4.543282470703161
2022-07-26,4218562.796391891,629503.3010353418,1.0,0.0,NA
2022-07-26,4218915.448835425,629966.6137518698,1.0,0.0,NA
2022-07-26,4219489.421824947,629385.2947743271,1.0,0.0,NA
2022-07-26,4218562.796391891,629966.6137518698,1.0,0.0,NA
2022-07-26,4218562.796391891,629385.2947743271,1.0,0.0,NA
2022-07-26,4219026.109108419,629503.3010353418,1.0,0.0,NA
2022-07-26,4218915.448835425,629503.3010353418,1.0,0.0,NA
2022-07-26,4219026.109108419,629385.2947743271,1.0,0.0,NA
2022-07-26,4219489.421824947,629966.6137518698,1.0,0.0,NA
2022-07-27,4219026.109108419,629966.6137518698,1.0,0.0,NA
2022-07-27,4219026.109108419,629503.3010353418,1.0,0.0,NA
2022-07-27,4219489.421824947,629385.2947743271,1.0,0.0,NA
2022-07-27,4218562.796391891,629503.3010353418,1.0,0.0,NA
2022-07-27,4218562.796391891,629385.2947743271,1.0,0.0,NA
2022-07-27,4219489.421824947,629503.3010353418,1.0,0.0,NA
2022-07-27,4218915.448835425,629503.3010353418,1.0,0.0,NA
2022-07-27,4218915.448835425,629966.6137518698,1.0,0.0,NA
2022-07-27,4219489.421824947,629966.6137518698,1.0,0.0,NA
2022-07-27,4219026.109108419,629385.2947743271,1.0,0.0,NA
2022-07-27,4218562.796391891,629966.6137518698,1.0,0.0,NA
2022-07-27,4218915.448835425,629385.2947743271,1.0,0.0,4.214444580078123
2022-07-28,4219026.109108419,629966.6137518698,1.0,0.0,NA
2022-07-28,4219489.421824947,629503.3010353418,1.0,0.0,NA
2022-07-28,4219026.109108419,629385.2947743271,1.0,0.0,NA
2022-07-28,4218562.796391891,629966.6137518698,1.0,0.0,NA
2022-07-28,4219026.109108419,629503.3010353418,1.0,0.0,NA
2022-07-28,4218562.796391891,629503.3010353418,1.0,0.0,NA
2022-07-28,4219489.421824947,629966.6137518698,1.0,0.0,NA
2022-07-28,4218562.796391891,629385.2947743271,1.0,0.0,NA
2022-07-28,4218915.448835425,629503.3010353418,1.0,0.0,NA
2022-07-28,4218915.448835425,629385.2947743271,1.0,0.0,NA
2022-07-28,4219489.421824947,629385.2947743271,1.0,0.0,NA
2022-07-28,4218915.448835425,629966.6137518698,1.0,0.0,NA
2022-07-29,4219489.421824947,629385.2947743271,1.0,0.0,NA
2022-07-29,4219026.109108419,629385.2947743271,1.0,0.0,NA
2022-07-29,4218915.448835425,629503.3010353418,1.0,0.0,NA
2022-07-29,4219026.109108419,629503.3010353418,1.0,0.0,NA
2022-07-29,4218562.796391891,629385.2947743271,1.0,0.0,NA
2022-07-29,4218915.448835425,629966.6137518698,1.0,0.0,NA
2022-07-29,4219489.421824947,629966.6137518698,1.0,0.0,NA
2022-07-29,4218562.796391891,629966.6137518698,1.0,0.0,NA
2022-07-29,4218562.796391891,629503.3010353418,1.0,0.0,NA
2022-07-29,4218915.448835425,629385.2947743271,1.0,0.0,4.789954833984382
2022-07-29,4219489.421824947,629503.3010353418,1.0,0.0,NA
2022-07-29,4219026.109108419,629966.6137518698,1.0,0.0,NA
2022-07-30,4219026.109108419,629385.2947743271,1.0,0.0,NA
2022-07-30,4219489.421824947,629503.3010353418,1.0,0.0,NA
2022-07-30,4218915.448835425,629966.6137518698,1.0,0.0,NA
2022-07-30,4218562.796391891,629503.3010353418,1.0,0.0,NA
2022-07-30,4218915.448835425,629503.3010353418,1.0,0.0,NA
2022-07-30,4219026.109108419,629503.3010353418,1.0,0.0,NA
2022-07-30,4219026.109108419,629966.6137518698,1.0,0.0,NA
2022-07-30,4219489.421824947,629385.2947743271,1.0,0.0,NA
2022-07-30,4218915.448835425,629385.2947743271,1.0,0.0,3.910552978515625
2022-07-30,4218562.796391891,629385.2947743271,1.0,0.0,NA
2022-07-30,4219489.421824947,629966.6137518698,1.0,0.0,NA
2022-07-30,4218562.796391891,629966.6137518698,1.0,0.0,NA
2022-07-31,4219489.421824947,629966.6137518698,1.0,0.0,NA
2022-07-31,4218915.448835425,629966.6137518698,1.0,0.0,NA
2022-07-31,4219489.421824947,629385.2947743271,1.0,0.0,NA
2022-07-31,4219489.421824947,629503.3010353418,1.0,0.0,NA
2022-07-31,4219026.109108419,629503.3010353418,1.0,0.0,NA
2022-07-31,4218562.796391891,629503.3010353418,1.0,0.0,NA
2022-07-31,4218915.448835425,629503.3010353418,1.0,0.0,NA
2022-07-31,4218562.796391891,629385.2947743271,1.0,0.0,NA
2022-07-31,4218915.448835425,629385.2947743271,1.0,0.0,6.6616870117187545
2022-07-31,4219026.109108419,629966.6137518698,1.0,0.0,NA
2022-07-31,4218562.796391891,629966.6137518698,1.0,0.0,NA
2022-07-31,4219026.109108419,629385.2947743271,1.0,0.0,NA
2022-08-01,4219026.109108419,629503.3010353418,1.0,0.0,NA
2022-08-01,4219026.109108419,629966.6137518698,1.0,0.0,NA
2022-08-01,4219489.421824947,629503.3010353418,1.0,0.0,NA
2022-08-01,4219489.421824947,629385.2947743271,1.0,0.0,NA
2022-08-01,4218562.796391891,629966.6137518698,1.0,0.0,NA
2022-08-01,4218562.796391891,629385.2947743271,1.0,0.0,NA
2022-08-01,4219026.109108419,629385.2947743271,1.0,0.0,NA
2022-08-01,4218915.448835425,629503.3010353418,1.0,0.0,NA
2022-08-01,4219489.421824947,629966.6137518698,1.0,0.0,NA
2022-08-01,4218562.796391891,629503.3010353418,1.0,0.0,NA
2022-08-01,4218915.448835425,629385.2947743271,1.0,0.0,NA
2022-08-01,4218915.448835425,629966.6137518698,1.0,0.0,NA
2022-08-02,4219026.109108419,629503.3010353418,1.0,0.0,NA
2022-08-02,4219026.109108419,629385.2947743271,1.0,0.0,NA
2022-08-02,4218915.448835425,629503.3010353418,1.0,0.0,NA
2022-08-02,4218562.796391891,629503.3010353418,1.0,0.0,NA
2022-08-02,4218915.448835425,629385.2947743271,1.0,0.0,8.681502685546889
2022-08-02,4218915.448835425,629966.6137518698,1.0,0.0,NA
2022-08-02,4219489.421824947,629503.3010353418,1.0,0.0,NA
2022-08-02,4219026.109108419,629966.6137518698,1.0,0.0,NA
2022-08-02,4218562.796391891,629385.2947743271,1.0,0.0,NA
2022-08-02,4219489.421824947,629966.6137518698,1.0,0.0,NA
2022-08-02,4218562.796391891,629966.6137518698,1.0,0.0,NA
2022-08-02,4219489.421824947,629385.2947743271,1.0,0.0,NA
2022-08-03,4219489.421824947,629385.2947743271,1.0,0.0,NA
2022-08-03,4218915.448835425,629966.6137518698,1.0,0.0,NA
2022-08-03,4219489.421824947,629966.6137518698,1.0,0.0,NA
2022-08-03,4218562.796391891,629385.2947743271,1.0,0.0,NA
2022-08-03,4219026.109108419,629966.6137518698,1.0,0.0,NA
2022-08-03,4219026.109108419,629503.3010353418,1.0,0.0,NA
2022-08-03,4219026.109108419,629385.2947743271,1.0,0.0,NA
2022-08-03,4218915.448835425,629503.3010353418,1.0,0.0,NA
2022-08-03,4218562.796391891,629503.3010353418,1.0,0.0,NA
2022-08-03,4219489.421824947,629503.3010353418,1.0,0.0,NA
2022-08-03,4218562.796391891,629966.6137518698,1.0,0.0,NA
2022-08-03,4218915.448835425,629385.2947743271,1.0,0.0,5.7427331542969
2022-08-04,4218915.448835425,629966.6137518698,1.0,0.0,NA
2022-08-04,4218562.796391891,629385.2947743271,1.0,0.0,NA
2022-08-04,4219489.421824947,629503.3010353418,1.0,0.0,NA
2022-08-04,4219026.109108419,629966.6137518698,1.0,0.0,NA
2022-08-04,4218562.796391891,629503.3010353418,1.0,0.0,NA
2022-08-04,4219489.421824947,629966.6137518698,1.0,0.0,NA
2022-08-04,4218915.448835425,629385.2947743271,1.0,0.0,3.056409912109416
2022-08-04,4218915.448835425,629503.3010353418,1.0,0.0,NA
2022-08-04,4219489.421824947,629385.2947743271,1.0,0.0,NA
2022-08-04,4219026.109108419,629385.2947743271,1.0,0.0,NA
2022-08-04,4219026.109108419,629503.3010353418,1.0,0.0,NA
2022-08-04,4218562.796391891,629966.6137518698,1.0,0.0,NA
2022-08-05,4219489.421824947,629385.2947743271,1.0,0.0,NA
2022-08-05,4219026.109108419,629966.6137518698,1.0,0.0,NA
2022-08-05,4219026.109108419,629503.3010353418,1.0,0.0,NA
2022-08-05,4219489.421824947,629503.3010353418,1.0,0.0,NA
2022-08-05,4218562.796391891,629503.3010353418,1.0,0.0,NA
2022-08-05,4218562.796391891,629966.6137518698,1.0,0.0,NA
2022-08-05,4219026.109108419,629385.2947743271,1.0,0.0,NA
2022-08-05,4218562.796391891,629385.2947743271,1.0,0.0,NA
2022-08-05,4218915.448835425,629385.2947743271,1.0,0.0,4.981813964843752
2022-08-05,4218915.448835425,629503.3010353418,1.0,0.0,NA
2022-08-05,4219489.421824947,629966.6137518698,1.0,0.0,NA
2022-08-05,4218915.448835425,629966.6137518698,1.0,0.0,NA
2022-08-06,4218562.796391891,629966.6137518698,1.0,0.0,NA
2022-08-06,4218562.796391891,629503.3010353418,1.0,0.0,NA
2022-08-06,4218915.448835425,629503.3010353418,1.0,0.0,NA
2022-08-06,4219026.109108419,629503.3010353418,1.0,0.0,NA
2022-08-06,4219026.109108419,629966.6137518698,1.0,0.0,NA
2022-08-06,4218915.448835425,629966.6137518698,1.0,0.0,NA
2022-08-06,4219489.421824947,629385.2947743271,1.0,0.0,NA
2022-08-06,4218915.448835425,629385.2947743271,1.0,0.0,4.9135351562500205
2022-08-06,4218562.796391891,629385.2947743271,1.0,0.0,NA
2022-08-06,4219489.421824947,629503.3010353418,1.0,0.0,NA
2022-08-06,4219026.109108419,629385.2947743271,1.0,0.0,NA
2022-08-06,4219489.421824947,629966.6137518698,1.0,0.0,NA
2022-08-07,4218915.448835425,629966.6137518698,1.0,0.0,NA
2022-08-07,4218562.796391891,629385.2947743271,1.0,0.0,NA
2022-08-07,4218562.796391891,629966.6137518698,1.0,0.0,NA
2022-08-07,4218915.448835425,629385.2947743271,1.0,0.0,5.746458740234402
2022-08-07,4219026.109108419,629966.6137518698,1.0,0.0,NA
2022-08-07,4219026.109108419,629385.2947743271,1.0,0.0,NA
2022-08-07,4219489.421824947,629503.3010353418,1.0,0.0,NA
2022-08-07,4218915.448835425,629503.3010353418,1.0,0.0,NA
2022-08-07,4219489.421824947,629966.6137518698,1.0,0.0,NA
2022-08-07,4219026.109108419,629503.3010353418,1.0,0.0,NA
2022-08-07,4219489.421824947,629385.2947743271,1.0,0.0,NA
2022-08-07,4218562.796391891,629503.3010353418,1.0,0.0,NA
2022-08-08,4219026.109108419,629503.3010353418,1.0,0.0,NA
2022-08-08,4218562.796391891,629385.2947743271,1.0,0.0,NA
2022-08-08,4219489.421824947,629966.6137518698,1.0,0.0,NA
2022-08-08,4219026.109108419,629385.2947743271,1.0,0.0,NA
2022-08-08,4218915.448835425,629385.2947743271,1.0,0.0,3.7049304199218795
2022-08-08,4219489.421824947,629385.2947743271,1.0,0.0,NA
2022-08-08,4218562.796391891,629503.3010353418,1.0,0.0,NA
2022-08-08,4219026.109108419,629966.6137518698,1.0,0.0,NA
2022-08-08,4218562.796391891,629966.6137518698,1.0,0.0,NA
2022-08-08,4219489.421824947,629503.3010353418,1.0,0.0,NA
2022-08-08,4218915.448835425,629966.6137518698,1.0,0.0,NA
2022-08-08,4218915.448835425,629503.3010353418,1.0,0.0,NA
2022-08-09,4219026.109108419,629503.3010353418,1.0,0.0,NA
2022-08-09,4218915.448835425,629503.3010353418,1.0,0.0,NA
2022-08-09,4218915.448835425,629966.6137518698,1.0,0.0,NA
2022-08-09,4219489.421824947,629966.6137518698,1.0,0.0,NA
2022-08-09,4218562.796391891,629385.2947743271,1.0,0.0,NA
2022-08-09,4218562.796391891,629966.6137518698,1.0,0.0,NA
2022-08-09,4219026.109108419,629385.2947743271,1.0,0.0,NA
2022-08-09,4219489.421824947,629503.3010353418,1.0,0.0,NA
2022-08-09,4219026.109108419,629966.6137518698,1.0,0.0,NA
2022-08-09,4219489.421824947,629385.2947743271,1.0,0.0,NA
2022-08-09,4218562.796391891,629503.3010353418,1.0,0.0,NA
2022-08-09,4218915.448835425,629385.2947743271,1.0,0.0,4.481125488281293
2022-08-10,4218915.448835425,629966.6137518698,1.0,0.0,NA
2022-08-10,4218562.796391891,629385.2947743271,1.0,0.0,NA
2022-08-10,4219026.109108419,629385.2947743271,1.0,0.0,NA
2022-08-10,4218562.796391891,629966.6137518698,1.0,0.0,NA
2022-08-10,4218562.796391891,629503.3010353418,1.0,0.0,NA
2022-08-10,4219026.109108419,629503.3010353418,1.0,0.0,NA
2022-08-10,4219489.421824947,629966.6137518698,1.0,0.0,NA
2022-08-10,4218915.448835425,629503.3010353418,1.0,0.0,NA
2022-08-10,4219489.421824947,629503.3010353418,1.0,0.0,NA
2022-08-10,4219026.109108419,629966.6137518698,1.0,0.0,NA
2022-08-10,4219489.421824947,629385.2947743271,1.0,0.0,NA
2022-08-10,4218915.448835425,629385.2947743271,1.0,0.0,4.7632189941406295
2022-08-11,4219026.109108419,629503.3010353418,1.0,0.0,NA
2022-08-11,4218915.448835425,629966.6137518698,1.0,0.0,NA
2022-08-11,4218562.796391891,629966.6137518698,1.0,0.0,NA
2022-08-11,4218915.448835425,629503.3010353418,1.0,0.0,NA
2022-08-11,4219489.421824947,629503.3010353418,1.0,0.0,NA
2022-08-11,4219026.109108419,629385.2947743271,1.0,0.0,NA
2022-08-11,4219489.421824947,629385.2947743271,1.0,0.0,NA
2022-08-11,4219489.421824947,629966.6137518698,1.0,0.0,NA
2022-08-11,4218562.796391891,629503.3010353418,1.0,0.0,NA
2022-08-11,4219026.109108419,629966.6137518698,1.0,0.0,NA
2022-08-11,4218915.448835425,629385.2947743271,1.0,0.0,2.183267822265634
2022-08-11,4218562.796391891,629385.2947743271,1.0,0.0,NA
2022-08-12,4219489.421824947,629966.6137518698,1.0,0.0,NA
2022-08-12,4218562.796391891,629503.3010353418,1.0,0.0,NA
2022-08-12,4218562.796391891,629966.6137518698,1.0,0.0,NA
2022-08-12,4219026.109108419,629966.6137518698,1.0,0.0,NA
2022-08-12,4219489.421824947,629385.2947743271,1.0,0.0,NA
2022-08-12,4219489.421824947,629503.3010353418,1.0,0.0,NA
2022-08-12,4218915.448835425,629503.3010353418,1.0,0.0,NA
2022-08-12,4219026.109108419,629503.3010353418,1.0,0.0,NA
2022-08-12,4218562.796391891,629385.2947743271,1.0,0.0,NA
2022-08-12,4218915.448835425,629966.6137518698,1.0,0.0,NA
2022-08-12,4219026.109108419,629385.2947743271,1.0,0.0,NA
2022-08-12,4218915.448835425,629385.2947743271,1.0,0.0,5.510452880859418
2022-08-13,4218562.796391891,629503.3010353418,1.0,0.0,NA
2022-08-13,4218562.796391891,629966.6137518698,1.0,0.0,NA
2022-08-13,4218915.448835425,629966.6137518698,1.0,0.0,NA
2022-08-13,4218915.448835425,629385.2947743271,1.0,0.0,5.48931152343755
2022-08-13,4219026.109108419,629966.6137518698,1.0,0.0,NA
2022-08-13,4219489.421824947,629385.2947743271,1.0,0.0,NA
2022-08-13,4219026.109108419,629385.2947743271,1.0,0.0,NA
2022-08-13,4218915.448835425,629503.3010353418,1.0,0.0,NA
2022-08-13,4219489.421824947,629966.6137518698,1.0,0.0,NA
2022-08-13,4219026.109108419,629503.3010353418,1.0,0.0,NA
2022-08-13,4218562.796391891,629385.2947743271,1.0,0.0,NA
2022-08-13,4219489.421824947,629503.3010353418,1.0,0.0,NA
2022-08-14,4218915.448835425,629503.3010353418,1.0,0.0,NA
2022-08-14,4219026.109108419,629966.6137518698,1.0,0.0,NA
2022-08-14,4218915.448835425,629966.6137518698,1.0,0.0,NA
2022-08-14,4218915.448835425,629385.2947743271,1.0,0.0,3.9010913085937773
2022-08-14,4219489.421824947,629503.3010353418,1.0,0.0,NA
2022-08-14,4218562.796391891,629503.3010353418,1.0,0.0,NA
2022-08-14,4219489.421824947,629385.2947743271,1.0,0.0,NA
2022-08-14,4219489.421824947,629966.6137518698,1.0,0.0,NA
2022-08-14,4218562.796391891,629385.2947743271,1.0,0.0,NA
2022-08-14,4219026.109108419,629503.3010353418,1.0,0.0,NA
2022-08-14,4218562.796391891,629966.6137518698,1.0,0.0,NA
2022-08-14,4219026.109108419,629385.2947743271,1.0,0.0,NA
2022-08-15,4218915.448835425,629966.6137518698,1.0,0.0,NA
2022-08-15,4219026.109108419,629503.3010353418,1.0,0.0,NA
2022-08-15,4218562.796391891,629503.3010353418,1.0,0.0,NA
2022-08-15,4218562.796391891,629966.6137518698,1.0,0.0,NA
2022-08-15,4219489.421824947,629385.2947743271,1.0,0.0,NA
2022-08-15,4219026.109108419,629385.2947743271,1.0,0.0,NA
2022-08-15,4218562.796391891,629385.2947743271,1.0,0.0,NA
2022-08-15,4218915.448835425,629385.2947743271,1.0,0.0,3.0304040527344114
2022-08-15,4219489.421824947,629966.6137518698,1.0,0.0,NA
2022-08-15,4219026.109108419,629966.6137518698,1.0,0.0,NA
2022-08-15,4219489.421824947,629503.3010353418,1.0,0.0,NA
2022-08-15,4218915.448835425,629503.3010353418,1.0,0.0,NA
2022-08-16,4218562.796391891,629503.3010353418,1.0,0.0,NA
2022-08-16,4219489.421824947,629503.3010353418,1.0,0.0,NA
2022-08-16,4219489.421824947,629385.2947743271,1.0,0.0,NA
2022-08-16,4219026.109108419,629966.6137518698,1.0,0.0,NA
2022-08-16,4218915.448835425,629966.6137518698,1.0,0.0,NA
2022-08-16,4218562.796391891,629966.6137518698,1.0,0.0,NA
2022-08-16,4219026.109108419,629385.2947743271,1.0,0.0,NA
2022-08-16,4219489.421824947,629966.6137518698,1.0,0.0,NA
2022-08-16,4218915.448835425,629385.2947743271,1.0,0.0,1.1445605468750273
2022-08-16,4218915.448835425,629503.3010353418,1.0,0.0,NA
2022-08-16,4218562.796391891,629385.2947743271,1.0,0.0,NA
2022-08-16,4219026.109108419,629503.3010353418,1.0,0.0,NA
2022-08-17,4218915.448835425,629966.6137518698,1.0,0.0,NA
2022-08-17,4219026.109108419,629385.2947743271,1.0,0.0,NA
2022-08-17,4219026.109108419,629503.3010353418,1.0,0.0,NA
2022-08-17,4219489.421824947,629503.3010353418,1.0,0.0,NA
2022-08-17,4218915.448835425,629385.2947743271,1.0,0.0,2.272440185546884
2022-08-17,4218915.448835425,629503.3010353418,1.0,0.0,NA
2022-08-17,4218562.796391891,629503.3010353418,1.0,0.0,NA
2022-08-17,4219489.421824947,629966.6137518698,1.0,0.0,NA
2022-08-17,4219489.421824947,629385.2947743271,1.0,0.0,NA
2022-08-17,4218562.796391891,629385.2947743271,1.0,0.0,NA
2022-08-17,4219026.109108419,629966.6137518698,1.0,0.0,NA
2022-08-17,4218562.796391891,629966.6137518698,1.0,0.0,NA
2022-08-18,4219026.109108419,629503.3010353418,1.0,0.0,NA
2022-08-18,4218915.448835425,629385.2947743271,1.0,0.0,3.059271240234409
2022-08-18,4219489.421824947,629966.6137518698,1.0,0.0,NA
2022-08-18,4219026.109108419,629385.2947743271,1.0,0.0,NA
2022-08-18,4218562.796391891,629966.6137518698,1.0,0.0,NA
2022-08-18,4218915.448835425,629503.3010353418,1.0,0.0,NA
2022-08-18,4218562.796391891,629385.2947743271,1.0,0.0,NA
2022-08-18,4218915.448835425,629966.6137518698,1.0,0.0,NA
2022-08-18,4219026.109108419,629966.6137518698,1.0,0.0,NA
2022-08-18,4219489.421824947,629503.3010353418,1.0,0.0,NA
2022-08-18,4218562.796391891,629503.3010353418,1.0,0.0,NA
2022-08-18,4219489.421824947,629385.2947743271,1.0,0.0,NA
2022-08-19,4218915.448835425,629503.3010353418,1.0,0.0,NA
2022-08-19,4218562.796391891,629966.6137518698,1.0,0.0,NA
2022-08-19,4218915.448835425,629385.2947743271,1.0,0.0,6.515999755859411
2022-08-19,4219489.421824947,629385.2947743271,1.0,0.0,NA
2022-08-19,4219026.109108419,629503.3010353418,1.0,0.0,NA
2022-08-19,4218562.796391891,629385.2947743271,1.0,0.0,NA
2022-08-19,4219026.109108419,629966.6137518698,1.0,0.0,NA
2022-08-19,4218562.796391891,629503.3010353418,1.0,0.0,NA
2022-08-19,4219489.421824947,629503.3010353418,1.0,0.0,NA
2022-08-19,4218915.448835425,629966.6137518698,1.0,0.0,NA
2022-08-19,4219026.109108419,629385.2947743271,1.0,0.0,NA
2022-08-19,4219489.421824947,629966.6137518698,1.0,0.0,NA
2022-08-20,4219026.109108419,629503.3010353418,1.0,0.0,NA
2022-08-20,4219026.109108419,629966.6137518698,1.0,0.0,NA
2022-08-20,4218562.796391891,629503.3010353418,1.0,0.0,NA
2022-08-20,4218915.448835425,629503.3010353418,1.0,0.0,NA
2022-08-20,4219026.109108419,629385.2947743271,1.0,0.0,NA
2022-08-20,4219489.421824947,629385.2947743271,1.0,0.0,NA
2022-08-20,4218562.796391891,629385.2947743271,1.0,0.0,NA
2022-08-20,4219489.421824947,629966.6137518698,1.0,0.0,NA
2022-08-20,4218915.448835425,629385.2947743271,1.0,0.0,4.295817871093789
2022-08-20,4219489.421824947,629503.3010353418,1.0,0.0,NA
2022-08-20,4218562.796391891,629966.6137518698,1.0,0.0,NA
2022-08-20,4218915.448835425,629966.6137518698,1.0,0.0,NA
2022-08-21,4218562.796391891,629966.6137518698,1.0,0.0,NA
2022-08-21,4219026.109108419,629503.3010353418,1.0,0.0,NA
2022-08-21,4219026.109108419,629966.6137518698,1.0,0.0,NA
2022-08-21,4219489.421824947,629503.3010353418,1.0,0.0,NA
2022-08-21,4218562.796391891,629503.3010353418,1.0,0.0,NA
2022-08-21,4218915.448835425,629503.3010353418,1.0,0.0,NA
2022-08-21,4219026.109108419,629385.2947743271,1.0,0.0,NA
2022-08-21,4219489.421824947,629385.2947743271,1.0,0.0,NA
2022-08-21,4218915.448835425,629966.6137518698,1.0,0.0,NA
2022-08-21,4218562.796391891,629385.2947743271,1.0,0.0,NA
2022-08-21,4219489.421824947,629966.6137518698,1.0,0.0,NA
2022-08-21,4218915.448835425,629385.2947743271,1.0,0.0,-1.003763427734384
2022-08-22,4218915.448835425,629385.2947743271,1.0,0.0,6.590159912109414
2022-08-22,4219489.421824947,629385.2947743271,1.0,0.0,NA
2022-08-22,4218562.796391891,629966.6137518698,1.0,0.0,18.59314941406251
2022-08-22,4219026.109108419,629503.3010353418,1.0,0.0,18.42676757812501
2022-08-22,4219026.109108419,629966.6137518698,1.0,0.0,18.69812988281251
2022-08-22,4219489.421824947,629503.3010353418,1.0,0.0,NA
2022-08-22,4218915.448835425,629503.3010353418,1.0,0.0,NA
2022-08-22,4218562.796391891,629385.2947743271,1.0,0.0,NA
2022-08-22,4218562.796391891,629503.3010353418,1.0,0.0,18.634805908203134
2022-08-22,4219489.421824947,629966.6137518698,1.0,0.0,17.911844482421884
2022-08-22,4218915.448835425,629966.6137518698,1.0,0.0,NA
2022-08-22,4219026.109108419,629385.2947743271,1.0,0.0,NA
2022-08-23,4219489.421824947,629385.2947743271,1.0,0.0,NA
2022-08-23,4218915.448835425,629503.3010353418,1.0,0.0,NA
2022-08-23,4219026.109108419,629966.6137518698,1.0,0.0,21.34965332031254
2022-08-23,4218562.796391891,629503.3010353418,1.0,0.0,20.88493164062504
2022-08-23,4218562.796391891,629385.2947743271,1.0,0.0,NA
2022-08-23,4218915.448835425,629966.6137518698,1.0,0.0,NA
2022-08-23,4218562.796391891,629966.6137518698,1.0,0.0,20.540113525390666
2022-08-23,4219026.109108419,629385.2947743271,1.0,0.0,NA
2022-08-23,4219489.421824947,629503.3010353418,1.0,0.0,NA
2022-08-23,4219489.421824947,629966.6137518698,1.0,0.0,20.28416259765629
2022-08-23,4218915.448835425,629385.2947743271,1.0,0.0,5.988995361328136
2022-08-23,4219026.109108419,629503.3010353418,1.0,0.0,20.841322021484416
2022-08-24,4218915.448835425,629385.2947743271,1.0,0.0,1.8004003906250432
2022-08-24,4218562.796391891,629385.2947743271,1.0,0.0,NA
2022-08-24,4218562.796391891,629503.3010353418,1.0,0.0,NA
2022-08-24,4218562.796391891,629966.6137518698,1.0,0.0,NA
2022-08-24,4219489.421824947,629385.2947743271,1.0,0.0,NA
2022-08-24,4218915.448835425,629503.3010353418,1.0,0.0,NA
2022-08-24,4219026.109108419,629503.3010353418,1.0,0.0,NA
2022-08-24,4219026.109108419,629966.6137518698,1.0,0.0,NA
2022-08-24,4218915.448835425,629966.6137518698,1.0,0.0,NA
2022-08-24,4219489.421824947,629966.6137518698,1.0,0.0,NA
2022-08-24,4219489.421824947,629503.3010353418,1.0,0.0,NA
2022-08-24,4219026.109108419,629385.2947743271,1.0,0.0,NA
2022-08-25,4218915.448835425,629503.3010353418,1.0,0.0,NA
2022-08-25,4219489.421824947,629385.2947743271,1.0,0.0,NA
2022-08-25,4218562.796391891,629385.2947743271,1.0,0.0,NA
2022-08-25,4218915.448835425,629966.6137518698,1.0,0.0,NA
2022-08-25,4219026.109108419,629385.2947743271,1.0,0.0,NA
2022-08-25,4218915.448835425,629385.2947743271,1.0,0.0,7.4335852050781455
2022-08-25,4219489.421824947,629966.6137518698,1.0,0.0,21.808231201171907
2022-08-25,4218562.796391891,629966.6137518698,1.0,0.0,22.087131347656282
2022-08-25,4219026.109108419,629966.6137518698,1.0,0.0,23.732761230468782
2022-08-25,4219026.109108419,629503.3010353418,1.0,0.0,23.106418457031282
2022-08-25,4218562.796391891,629503.3010353418,1.0,0.0,22.428317871093782
2022-08-25,4219489.421824947,629503.3010353418,1.0,0.0,NA
2022-08-26,4219026.109108419,629385.2947743271,1.0,0.0,NA
2022-08-26,4218915.448835425,629385.2947743271,1.0,0.0,7.5256604003906205
2022-08-26,4219026.109108419,629966.6137518698,1.0,0.0,22.415827636718745
2022-08-26,4218915.448835425,629966.6137518698,1.0,0.0,NA
2022-08-26,4219026.109108419,629503.3010353418,1.0,0.0,21.958552246093745
2022-08-26,4218915.448835425,629503.3010353418,1.0,0.0,NA
2022-08-26,4218562.796391891,629966.6137518698,1.0,0.0,21.244990234374995
2022-08-26,4219489.421824947,629385.2947743271,1.0,0.0,NA
2022-08-26,4218562.796391891,629503.3010353418,1.0,0.0,21.575800781249995
2022-08-26,4218562.796391891,629385.2947743271,1.0,0.0,NA
2022-08-26,4219489.421824947,629966.6137518698,1.0,0.0,20.983698730468745
2022-08-26,4219489.421824947,629503.3010353418,1.0,0.0,NA
2022-08-27,4219489.421824947,629385.2947743271,1.0,0.0,NA
2022-08-27,4219026.109108419,629966.6137518698,1.0,0.0,23.022829589843752
2022-08-27,4219489.421824947,629966.6137518698,1.0,0.0,21.367464599609377
2022-08-27,4218915.448835425,629966.6137518698,1.0,0.0,NA
2022-08-27,4218915.448835425,629503.3010353418,1.0,0.0,NA
2022-08-27,4218562.796391891,629385.2947743271,1.0,0.0,NA
2022-08-27,4219026.109108419,629385.2947743271,1.0,0.0,NA
2022-08-27,4218562.796391891,629503.3010353418,1.0,0.0,21.972048339843752
2022-08-27,4219026.109108419,629503.3010353418,1.0,0.0,22.852724609375002
2022-08-27,4218915.448835425,629385.2947743271,1.0,0.0,6.1321948242188
2022-08-27,4219489.421824947,629503.3010353418,1.0,0.0,NA
2022-08-27,4218562.796391891,629966.6137518698,1.0,0.0,21.956942138671877
2022-08-28,4219489.421824947,629503.3010353418,1.0,0.0,NA
2022-08-28,4219489.421824947,629385.2947743271,1.0,0.0,NA
2022-08-28,4218915.448835425,629966.6137518698,1.0,0.0,NA
2022-08-28,4218562.796391891,629385.2947743271,1.0,0.0,NA
2022-08-28,4219026.109108419,629385.2947743271,1.0,0.0,NA
2022-08-28,4218562.796391891,629503.3010353418,1.0,0.0,NA
2022-08-28,4218562.796391891,629966.6137518698,1.0,0.0,NA
2022-08-28,4219026.109108419,629503.3010353418,1.0,0.0,NA
2022-08-28,4219026.109108419,629966.6137518698,1.0,0.0,NA
2022-08-28,4218915.448835425,629385.2947743271,1.0,0.0,6.404680175781266
2022-08-28,4219489.421824947,629966.6137518698,1.0,0.0,NA
2022-08-28,4218915.448835425,629503.3010353418,1.0,0.0,NA
2022-08-29,4218562.796391891,629966.6137518698,1.0,0.0,NA
2022-08-29,4218915.448835425,629385.2947743271,1.0,0.0,2.5918249511718727
2022-08-29,4219026.109108419,629503.3010353418,1.0,0.0,NA
2022-08-29,4218562.796391891,629503.3010353418,1.0,0.0,NA
2022-08-29,4219026.109108419,629385.2947743271,1.0,0.0,NA
2022-08-29,4219026.109108419,629966.6137518698,1.0,0.0,NA
2022-08-29,4218915.448835425,629966.6137518698,1.0,0.0,NA
2022-08-29,4219489.421824947,629503.3010353418,1.0,0.0,NA
2022-08-29,4219489.421824947,629385.2947743271,1.0,0.0,NA
2022-08-29,4218562.796391891,629385.2947743271,1.0,0.0,NA
2022-08-29,4219489.421824947,629966.6137518698,1.0,0.0,NA
2022-08-29,4218915.448835425,629503.3010353418,1.0,0.0,NA
2022-08-30,4218562.796391891,629385.2947743271,1.0,0.0,NA
2022-08-30,4218562.796391891,629503.3010353418,1.0,0.0,19.48066406250001
2022-08-30,4219026.109108419,629503.3010353418,1.0,0.0,20.85364990234376
2022-08-30,4219489.421824947,629385.2947743271,1.0,0.0,NA
2022-08-30,4219026.109108419,629385.2947743271,1.0,0.0,NA
2022-08-30,4219489.421824947,629966.6137518698,1.0,0.0,19.49653320312501
2022-08-30,4219489.421824947,629503.3010353418,1.0,0.0,NA
2022-08-30,4219026.109108419,629966.6137518698,1.0,0.0,20.65046386718751
2022-08-30,4218915.448835425,629385.2947743271,1.0,0.0,11.156704101562525
2022-08-30,4218915.448835425,629503.3010353418,1.0,0.0,NA
2022-08-30,4218562.796391891,629966.6137518698,1.0,0.0,19.223187255859386
2022-08-30,4218915.448835425,629966.6137518698,1.0,0.0,NA
2022-08-31,4219026.109108419,629385.2947743271,1.0,0.0,NA
2022-08-31,4218915.448835425,629966.6137518698,1.0,0.0,NA
2022-08-31,4218562.796391891,629503.3010353418,1.0,0.0,15.84311035156253
2022-08-31,4219489.421824947,629966.6137518698,1.0,0.0,16.54361083984378
2022-08-31,4218562.796391891,629385.2947743271,1.0,0.0,NA
2022-08-31,4219026.109108419,629966.6137518698,1.0,0.0,16.817994384765655
2022-08-31,4218915.448835425,629503.3010353418,1.0,0.0,NA
2022-08-31,4219489.421824947,629385.2947743271,1.0,0.0,NA
2022-08-31,4218915.448835425,629385.2947743271,1.0,0.0,3.3009924316406227
2022-08-31,4219026.109108419,629503.3010353418,1.0,0.0,17.04208496093753
2022-08-31,4218562.796391891,629966.6137518698,1.0,0.0,16.256776123046905
2022-08-31,4219489.421824947,629503.3010353418,1.0,0.0,NA
2022-09-01,4218915.448835425,629966.6137518698,1.0,0.0,NA
2022-09-01,4218562.796391891,629966.6137518698,1.0,0.0,22.95951660156254
2022-09-01,4218915.448835425,629385.2947743271,1.0,0.0,7.7329626464843955
2022-09-01,4219489.421824947,629966.6137518698,1.0,0.0,23.024122314453166
2022-09-01,4218562.796391891,629385.2947743271,1.0,0.0,NA
2022-09-01,4219026.109108419,629503.3010353418,1.0,0.0,22.53404052734379
2022-09-01,4219489.421824947,629503.3010353418,1.0,0.0,NA
2022-09-01,4219489.421824947,629385.2947743271,1.0,0.0,NA
2022-09-01,4219026.109108419,629385.2947743271,1.0,0.0,NA
2022-09-01,4218915.448835425,629503.3010353418,1.0,0.0,NA
2022-09-01,4218562.796391891,629503.3010353418,1.0,0.0,22.83451660156254
2022-09-01,4219026.109108419,629966.6137518698,1.0,0.0,23.60038574218754
2022-09-02,4219489.421824947,629966.6137518698,1.0,0.0,22.451467285156298
2022-09-02,4218915.448835425,629966.6137518698,1.0,0.0,NA
2022-09-02,4218562.796391891,629385.2947743271,1.0,0.0,NA
2022-09-02,4219489.421824947,629385.2947743271,1.0,0.0,NA
2022-09-02,4219026.109108419,629966.6137518698,1.0,0.0,23.488118896484423
2022-09-02,4218915.448835425,629503.3010353418,1.0,0.0,NA
2022-09-02,4219489.421824947,629503.3010353418,1.0,0.0,NA
2022-09-02,4218562.796391891,629966.6137518698,1.0,0.0,22.786031494140673
2022-09-02,4218915.448835425,629385.2947743271,1.0,0.0,1.710256347656241
2022-09-02,4218562.796391891,629503.3010353418,1.0,0.0,22.501943359375048
2022-09-02,4219026.109108419,629503.3010353418,1.0,0.0,23.356252441406298
2022-09-02,4219026.109108419,629385.2947743271,1.0,0.0,NA
2022-09-03,4218915.448835425,629503.3010353418,1.0,0.0,NA
2022-09-03,4218562.796391891,629503.3010353418,1.0,0.0,20.21413696289062
2022-09-03,4218562.796391891,629385.2947743271,1.0,0.0,NA
2022-09-03,4219489.421824947,629503.3010353418,1.0,0.0,NA
2022-09-03,4219489.421824947,629966.6137518698,1.0,0.0,20.58858764648437
2022-09-03,4218915.448835425,629966.6137518698,1.0,0.0,NA
2022-09-03,4219026.109108419,629503.3010353418,1.0,0.0,20.36867797851562
2022-09-03,4219026.109108419,629966.6137518698,1.0,0.0,20.94753540039062
2022-09-03,4219489.421824947,629385.2947743271,1.0,0.0,NA
2022-09-03,4218562.796391891,629966.6137518698,1.0,0.0,19.860529785156245
2022-09-03,4218915.448835425,629385.2947743271,1.0,0.0,9.383854980468755
2022-09-03,4219026.109108419,629385.2947743271,1.0,0.0,NA
2022-09-04,4219026.109108419,629503.3010353418,1.0,0.0,25.409324951171925
2022-09-04,4219026.109108419,629385.2947743271,1.0,0.0,NA
2022-09-04,4218915.448835425,629385.2947743271,1.0,0.0,8.641427001953161
2022-09-04,4218562.796391891,629966.6137518698,1.0,0.0,25.2477954101563
2022-09-04,4219489.421824947,629503.3010353418,1.0,0.0,NA
2022-09-04,4219489.421824947,629966.6137518698,1.0,0.0,25.58428222656255
2022-09-04,4218562.796391891,629503.3010353418,1.0,0.0,25.22222167968755
2022-09-04,4218915.448835425,629966.6137518698,1.0,0.0,NA
2022-09-04,4219026.109108419,629966.6137518698,1.0,0.0,25.72783691406255
2022-09-04,4218915.448835425,629503.3010353418,1.0,0.0,NA
2022-09-04,4218562.796391891,629385.2947743271,1.0,0.0,NA
2022-09-04,4219489.421824947,629385.2947743271,1.0,0.0,NA
2022-09-05,4219026.109108419,629385.2947743271,1.0,0.0,NA
2022-09-05,4218562.796391891,629966.6137518698,1.0,0.0,20.385826416015675
2022-09-05,4218915.448835425,629385.2947743271,1.0,0.0,2.3113012695312705
2022-09-05,4219026.109108419,629503.3010353418,1.0,0.0,22.028892822265675
2022-09-05,4219026.109108419,629966.6137518698,1.0,0.0,22.370201416015675
2022-09-05,4218562.796391891,629503.3010353418,1.0,0.0,21.6517260742188
2022-09-05,4218915.448835425,629503.3010353418,1.0,0.0,NA
2022-09-05,4218915.448835425,629966.6137518698,1.0,0.0,NA
2022-09-05,4219489.421824947,629966.6137518698,1.0,0.0,21.7949145507813
2022-09-05,4218562.796391891,629385.2947743271,1.0,0.0,NA
2022-09-05,4219489.421824947,629385.2947743271,1.0,0.0,NA
2022-09-05,4219489.421824947,629503.3010353418,1.0,0.0,NA
2022-09-06,4219489.421824947,629503.3010353418,1.0,0.0,NA
2022-09-06,4219489.421824947,629966.6137518698,1.0,0.0,26.178626708984382
2022-09-06,4218562.796391891,629503.3010353418,1.0,0.0,25.791633300781257
2022-09-06,4218915.448835425,629966.6137518698,1.0,0.0,NA
2022-09-06,4218562.796391891,629385.2947743271,1.0,0.0,NA
2022-09-06,4219026.109108419,629966.6137518698,1.0,0.0,26.950050048828132
2022-09-06,4218562.796391891,629966.6137518698,1.0,0.0,24.119819335937507
2022-09-06,4219026.109108419,629385.2947743271,1.0,0.0,NA
2022-09-06,4218915.448835425,629385.2947743271,1.0,0.0,7.095366210937527
2022-09-06,4219026.109108419,629503.3010353418,1.0,0.0,26.547767333984382
2022-09-06,4219489.421824947,629385.2947743271,1.0,0.0,NA
2022-09-06,4218915.448835425,629503.3010353418,1.0,0.0,NA
2022-09-07,4219026.109108419,629385.2947743271,1.0,0.0,NA
2022-09-07,4219489.421824947,629503.3010353418,1.0,0.0,NA
2022-09-07,4218915.448835425,629966.6137518698,1.0,0.0,NA
2022-09-07,4219026.109108419,629503.3010353418,1.0,0.0,20.524840087890652
2022-09-07,4218562.796391891,629385.2947743271,1.0,0.0,NA
2022-09-07,4219489.421824947,629385.2947743271,1.0,0.0,NA
2022-09-07,4218562.796391891,629966.6137518698,1.0,0.0,21.620634765625027
2022-09-07,4218562.796391891,629503.3010353418,1.0,0.0,21.729948730468777
2022-09-07,4219026.109108419,629966.6137518698,1.0,0.0,20.736876220703152
2022-09-07,4218915.448835425,629385.2947743271,1.0,0.0,2.5884753417968795
2022-09-07,4219489.421824947,629966.6137518698,1.0,0.0,20.147276611328152
2022-09-07,4218915.448835425,629503.3010353418,1.0,0.0,NA
2022-09-08,4218562.796391891,629966.6137518698,1.0,0.0,25.994328613281255
2022-09-08,4219026.109108419,629385.2947743271,1.0,0.0,NA
2022-09-08,4218915.448835425,629503.3010353418,1.0,0.0,NA
2022-09-08,4218915.448835425,629385.2947743271,1.0,0.0,11.59299194335938
2022-09-08,4219026.109108419,629503.3010353418,1.0,0.0,27.89560424804688
2022-09-08,4218562.796391891,629385.2947743271,1.0,0.0,NA
2022-09-08,4219026.109108419,629966.6137518698,1.0,0.0,26.540654296875005
2022-09-08,4218562.796391891,629503.3010353418,1.0,0.0,27.417058105468755
2022-09-08,4219489.421824947,629966.6137518698,1.0,0.0,26.78891479492188
2022-09-08,4218915.448835425,629966.6137518698,1.0,0.0,NA
2022-09-08,4219489.421824947,629503.3010353418,1.0,0.0,NA
2022-09-08,4219489.421824947,629385.2947743271,1.0,0.0,NA
2022-09-09,4219026.109108419,629966.6137518698,1.0,0.0,17.26200439453129
2022-09-09,4219489.421824947,629966.6137518698,1.0,0.0,16.60947753906254
2022-09-09,4218562.796391891,629503.3010353418,1.0,0.0,17.182811279296914
2022-09-09,4218915.448835425,629503.3010353418,1.0,0.0,NA
2022-09-09,4219489.421824947,629385.2947743271,1.0,0.0,NA
2022-09-09,4219489.421824947,629503.3010353418,1.0,0.0,NA
2022-09-09,4218915.448835425,629966.6137518698,1.0,0.0,NA
2022-09-09,4219026.109108419,629385.2947743271,1.0,0.0,NA
2022-09-09,4218562.796391891,629385.2947743271,1.0,0.0,NA
2022-09-09,4219026.109108419,629503.3010353418,1.0,0.0,16.61185791015629
2022-09-09,4218562.796391891,629966.6137518698,1.0,0.0,16.74338867187504
2022-09-09,4218915.448835425,629385.2947743271,1.0,0.0,-0.9415747070312364
2022-09-10,4219489.421824947,629385.2947743271,1.0,0.0,NA
2022-09-10,4219489.421824947,629966.6137518698,1.0,0.0,16.526422119140648
2022-09-10,4219026.109108419,629503.3010353418,1.0,0.0,18.289819335937523
2022-09-10,4218915.448835425,629385.2947743271,1.0,0.0,2.877384033203157
2022-09-10,4218915.448835425,629966.6137518698,1.0,0.0,NA
2022-09-10,4219026.109108419,629385.2947743271,1.0,0.0,NA
2022-09-10,4218915.448835425,629503.3010353418,1.0,0.0,NA
2022-09-10,4218562.796391891,629385.2947743271,1.0,0.0,NA
2022-09-10,4219489.421824947,629503.3010353418,1.0,0.0,NA
2022-09-10,4218562.796391891,629966.6137518698,1.0,0.0,14.959680175781273
2022-09-10,4219026.109108419,629966.6137518698,1.0,0.0,15.619744873046898
2022-09-10,4218562.796391891,629503.3010353418,1.0,0.0,15.677484130859398
2022-09-11,4219489.421824947,629503.3010353418,1.0,0.0,NA
2022-09-11,4219026.109108419,629966.6137518698,1.0,0.0,22.031176757812545
2022-09-11,4218915.448835425,629503.3010353418,1.0,0.0,NA
2022-09-11,4219026.109108419,629503.3010353418,1.0,0.0,25.07557983398442
2022-09-11,4218562.796391891,629966.6137518698,1.0,0.0,21.72279663085942
2022-09-11,4218562.796391891,629503.3010353418,1.0,0.0,23.19942016601567
2022-09-11,4219489.421824947,629966.6137518698,1.0,0.0,23.19734497070317
2022-09-11,4218915.448835425,629385.2947743271,1.0,0.0,20.454680175781277
2022-09-11,4219489.421824947,629385.2947743271,1.0,0.0,NA
2022-09-11,4218915.448835425,629966.6137518698,1.0,0.0,NA
2022-09-11,4219026.109108419,629385.2947743271,1.0,0.0,NA
2022-09-11,4218562.796391891,629385.2947743271,1.0,0.0,NA
2022-09-12,4218562.796391891,629503.3010353418,1.0,0.0,26.138853759765652
2022-09-12,4218915.448835425,629966.6137518698,1.0,0.0,NA
2022-09-12,4218562.796391891,629966.6137518698,1.0,0.0,24.714476318359402
2022-09-12,4218915.448835425,629503.3010353418,1.0,0.0,NA
2022-09-12,4219489.421824947,629503.3010353418,1.0,0.0,NA
2022-09-12,4219026.109108419,629385.2947743271,1.0,0.0,NA
2022-09-12,4219026.109108419,629503.3010353418,1.0,0.0,27.874266357421902
2022-09-12,4219489.421824947,629966.6137518698,1.0,0.0,26.827788085937527
2022-09-12,4219489.421824947,629385.2947743271,1.0,0.0,NA
2022-09-12,4219026.109108419,629966.6137518698,1.0,0.0,25.655577392578152
2022-09-12,4218915.448835425,629385.2947743271,1.0,0.0,21.93374145507812
2022-09-12,4218562.796391891,629385.2947743271,1.0,0.0,NA
2022-09-13,4219026.109108419,629503.3010353418,1.0,0.0,19.316120605468768
2022-09-13,4219489.421824947,629503.3010353418,1.0,0.0,NA
2022-09-13,4218915.448835425,629385.2947743271,1.0,0.0,8.124234619140623
2022-09-13,4219489.421824947,629385.2947743271,1.0,0.0,NA
2022-09-13,4218915.448835425,629966.6137518698,1.0,0.0,NA
2022-09-13,4219026.109108419,629966.6137518698,1.0,0.0,19.939136962890643
2022-09-13,4218915.448835425,629503.3010353418,1.0,0.0,NA
2022-09-13,4218562.796391891,629966.6137518698,1.0,0.0,19.258717041015643
2022-09-13,4219026.109108419,629385.2947743271,1.0,0.0,NA
2022-09-13,4219489.421824947,629966.6137518698,1.0,0.0,18.114460449218768
2022-09-13,4218562.796391891,629503.3010353418,1.0,0.0,19.567615966796893
2022-09-13,4218562.796391891,629385.2947743271,1.0,0.0,NA
2022-09-14,4218562.796391891,629966.6137518698,1.0,0.0,17.133802490234416
2022-09-14,4219026.109108419,629966.6137518698,1.0,0.0,16.546278076171916
2022-09-14,4219026.109108419,629385.2947743271,1.0,0.0,NA
2022-09-14,4219489.421824947,629385.2947743271,1.0,0.0,NA
2022-09-14,4218915.448835425,629385.2947743271,1.0,0.0,10.71346557617187
2022-09-14,4219489.421824947,629966.6137518698,1.0,0.0,16.698438720703166
2022-09-14,4219489.421824947,629503.3010353418,1.0,0.0,NA
2022-09-14,4218915.448835425,629503.3010353418,1.0,0.0,NA
2022-09-14,4218562.796391891,629385.2947743271,1.0,0.0,NA
2022-09-14,4218915.448835425,629966.6137518698,1.0,0.0,NA
2022-09-14,4218562.796391891,629503.3010353418,1.0,0.0,17.52970703125004
2022-09-14,4219026.109108419,629503.3010353418,1.0,0.0,16.919385986328166
2022-09-15,4219026.109108419,629385.2947743271,1.0,0.0,NA
2022-09-15,4218915.448835425,629385.2947743271,1.0,0.0,13.173560791015632
2022-09-15,4218562.796391891,629503.3010353418,1.0,0.0,21.756268310546886
2022-09-15,4219026.109108419,629966.6137518698,1.0,0.0,23.10023193359376
2022-09-15,4219489.421824947,629966.6137518698,1.0,0.0,21.44904785156251
2022-09-15,4219489.421824947,629503.3010353418,1.0,0.0,NA
2022-09-15,4218915.448835425,629503.3010353418,1.0,0.0,NA
2022-09-15,4219026.109108419,629503.3010353418,1.0,0.0,21.524517822265636
2022-09-15,4219489.421824947,629385.2947743271,1.0,0.0,NA
2022-09-15,4218562.796391891,629966.6137518698,1.0,0.0,24.213482666015636
2022-09-15,4218562.796391891,629385.2947743271,1.0,0.0,NA
2022-09-15,4218915.448835425,629966.6137518698,1.0,0.0,NA
2022-09-16,4218915.448835425,629966.6137518698,1.0,0.0,NA
2022-09-16,4219026.109108419,629966.6137518698,1.0,0.0,23.662788085937507
2022-09-16,4219489.421824947,629503.3010353418,1.0,0.0,NA
2022-09-16,4218562.796391891,629966.6137518698,1.0,0.0,24.035712890625007
2022-09-16,4218915.448835425,629503.3010353418,1.0,0.0,NA
2022-09-16,4218562.796391891,629385.2947743271,1.0,0.0,NA
2022-09-16,4218915.448835425,629385.2947743271,1.0,0.0,12.442595214843777
2022-09-16,4218562.796391891,629503.3010353418,1.0,0.0,24.482459716796882
2022-09-16,4219489.421824947,629966.6137518698,1.0,0.0,23.449653320312507
2022-09-16,4219026.109108419,629503.3010353418,1.0,0.0,24.527106933593757
2022-09-16,4219026.109108419,629385.2947743271,1.0,0.0,NA
2022-09-16,4219489.421824947,629385.2947743271,1.0,0.0,NA
2022-09-17,4219489.421824947,629966.6137518698,1.0,0.0,NA
2022-09-17,4219489.421824947,629385.2947743271,1.0,0.0,NA
2022-09-17,4218915.448835425,629503.3010353418,1.0,0.0,NA
2022-09-17,4218562.796391891,629966.6137518698,1.0,0.0,NA
2022-09-17,4218915.448835425,629966.6137518698,1.0,0.0,NA
2022-09-17,4219026.109108419,629503.3010353418,1.0,0.0,NA
2022-09-17,4218915.448835425,629385.2947743271,1.0,0.0,11.931108398437516
2022-09-17,4219026.109108419,629966.6137518698,1.0,0.0,NA
2022-09-17,4219026.109108419,629385.2947743271,1.0,0.0,NA
2022-09-17,4218562.796391891,629503.3010353418,1.0,0.0,NA
2022-09-17,4219489.421824947,629503.3010353418,1.0,0.0,NA
2022-09-17,4218562.796391891,629385.2947743271,1.0,0.0,NA
2022-09-18,4219026.109108419,629966.6137518698,1.0,0.0,10.176419677734373
2022-09-18,4219489.421824947,629966.6137518698,1.0,0.0,10.798459472656248
2022-09-18,4218915.448835425,629503.3010353418,1.0,0.0,NA
2022-09-18,4219489.421824947,629503.3010353418,1.0,0.0,NA
2022-09-18,4219489.421824947,629385.2947743271,1.0,0.0,NA
2022-09-18,4218562.796391891,629503.3010353418,1.0,0.0,11.145566406249998
2022-09-18,4218562.796391891,629966.6137518698,1.0,0.0,11.808408203124998
2022-09-18,4219026.109108419,629385.2947743271,1.0,0.0,NA
2022-09-18,4218915.448835425,629385.2947743271,1.0,0.0,7.6789733886719205
2022-09-18,4218915.448835425,629966.6137518698,1.0,0.0,NA
2022-09-18,4219026.109108419,629503.3010353418,1.0,0.0,11.164090576171873
2022-09-18,4218562.796391891,629385.2947743271,1.0,0.0,NA
2022-09-19,4219489.421824947,629503.3010353418,1.0,0.0,NA
2022-09-19,4218562.796391891,629503.3010353418,1.0,0.0,15.482465820312541
2022-09-19,4219489.421824947,629966.6137518698,1.0,0.0,15.333417968750041
2022-09-19,4219026.109108419,629966.6137518698,1.0,0.0,13.768690185546916
2022-09-19,4218562.796391891,629966.6137518698,1.0,0.0,14.836103515625041
2022-09-19,4219026.109108419,629385.2947743271,1.0,0.0,NA
2022-09-19,4218915.448835425,629503.3010353418,1.0,0.0,NA
2022-09-19,4218562.796391891,629385.2947743271,1.0,0.0,NA
2022-09-19,4219489.421824947,629385.2947743271,1.0,0.0,NA
2022-09-19,4218915.448835425,629966.6137518698,1.0,0.0,NA
2022-09-19,4218915.448835425,629385.2947743271,1.0,0.0,10.430239257812502
2022-09-19,4219026.109108419,629503.3010353418,1.0,0.0,13.596540527343791
2022-09-20,4218562.796391891,629385.2947743271,1.0,0.0,NA
2022-09-20,4218562.796391891,629966.6137518698,1.0,0.0,14.41585083007817
2022-09-20,4219489.421824947,629385.2947743271,1.0,0.0,NA
2022-09-20,4219026.109108419,629385.2947743271,1.0,0.0,NA
2022-09-20,4218915.448835425,629966.6137518698,1.0,0.0,NA
2022-09-20,4218915.448835425,629385.2947743271,1.0,0.0,8.491494140625036
2022-09-20,4219489.421824947,629966.6137518698,1.0,0.0,13.97731323242192
2022-09-20,4219026.109108419,629503.3010353418,1.0,0.0,14.197314453125045
2022-09-20,4218562.796391891,629503.3010353418,1.0,0.0,15.149157714843795
2022-09-20,4218915.448835425,629503.3010353418,1.0,0.0,NA
2022-09-20,4219489.421824947,629503.3010353418,1.0,0.0,NA
2022-09-20,4219026.109108419,629966.6137518698,1.0,0.0,12.715991210937545
2022-09-21,4219026.109108419,629503.3010353418,1.0,0.0,17.17416503906253
2022-09-21,4218562.796391891,629966.6137518698,1.0,0.0,17.86172607421878
2022-09-21,4219026.109108419,629966.6137518698,1.0,0.0,15.58139160156253
2022-09-21,4218915.448835425,629385.2947743271,1.0,0.0,11.53249633789062
2022-09-21,4218562.796391891,629385.2947743271,1.0,0.0,NA
2022-09-21,4219026.109108419,629385.2947743271,1.0,0.0,NA
2022-09-21,4218915.448835425,629503.3010353418,1.0,0.0,NA
2022-09-21,4219489.421824947,629385.2947743271,1.0,0.0,NA
2022-09-21,4218562.796391891,629503.3010353418,1.0,0.0,17.398865966796905
2022-09-21,4219489.421824947,629503.3010353418,1.0,0.0,NA
2022-09-21,4219489.421824947,629966.6137518698,1.0,0.0,16.95193603515628
2022-09-21,4218915.448835425,629966.6137518698,1.0,0.0,NA
2022-09-22,4219026.109108419,629503.3010353418,1.0,0.0,19.89964233398439
2022-09-22,4218562.796391891,629503.3010353418,1.0,0.0,20.20896850585939
2022-09-22,4219489.421824947,629385.2947743271,1.0,0.0,NA
2022-09-22,4218915.448835425,629503.3010353418,1.0,0.0,NA
2022-09-22,4219489.421824947,629966.6137518698,1.0,0.0,18.78453002929689
2022-09-22,4218562.796391891,629385.2947743271,1.0,0.0,NA
2022-09-22,4218915.448835425,629966.6137518698,1.0,0.0,NA
2022-09-22,4219026.109108419,629385.2947743271,1.0,0.0,NA
2022-09-22,4218562.796391891,629966.6137518698,1.0,0.0,19.39372192382814
2022-09-22,4219026.109108419,629966.6137518698,1.0,0.0,19.66929565429689
2022-09-22,4218915.448835425,629385.2947743271,1.0,0.0,8.878033447265636
2022-09-22,4219489.421824947,629503.3010353418,1.0,0.0,NA
2022-09-23,4218915.448835425,629966.6137518698,1.0,0.0,NA
2022-09-23,4218915.448835425,629503.3010353418,1.0,0.0,NA
2022-09-23,4218562.796391891,629503.3010353418,1.0,0.0,22.015598144531282
2022-09-23,4218562.796391891,629385.2947743271,1.0,0.0,NA
2022-09-23,4218562.796391891,629966.6137518698,1.0,0.0,21.950260009765657
2022-09-23,4219489.421824947,629966.6137518698,1.0,0.0,21.988468017578157
2022-09-23,4219026.109108419,629503.3010353418,1.0,0.0,22.150913085937532
2022-09-23,4219489.421824947,629385.2947743271,1.0,0.0,NA
2022-09-23,4219026.109108419,629385.2947743271,1.0,0.0,NA
2022-09-23,4219489.421824947,629503.3010353418,1.0,0.0,NA
2022-09-23,4218915.448835425,629385.2947743271,1.0,0.0,8.633278808593786
2022-09-23,4219026.109108419,629966.6137518698,1.0,0.0,22.293765869140657
2022-09-24,4218915.448835425,629385.2947743271,1.0,0.0,12.379320068359391
2022-09-24,4218562.796391891,629385.2947743271,1.0,0.0,NA
2022-09-24,4219489.421824947,629385.2947743271,1.0,0.0,NA
2022-09-24,4218562.796391891,629503.3010353418,1.0,0.0,29.579472656250005
2022-09-24,4219026.109108419,629385.2947743271,1.0,0.0,NA
2022-09-24,4218915.448835425,629503.3010353418,1.0,0.0,NA
2022-09-24,4219489.421824947,629966.6137518698,1.0,0.0,26.984807128906255
2022-09-24,4218915.448835425,629966.6137518698,1.0,0.0,NA
2022-09-24,4219489.421824947,629503.3010353418,1.0,0.0,NA
2022-09-24,4218562.796391891,629966.6137518698,1.0,0.0,28.137517089843755
2022-09-24,4219026.109108419,629966.6137518698,1.0,0.0,29.45767700195313
2022-09-24,4219026.109108419,629503.3010353418,1.0,0.0,28.08902465820313
2022-09-25,4219489.421824947,629385.2947743271,1.0,0.0,NA
2022-09-25,4219026.109108419,629385.2947743271,1.0,0.0,NA
2022-09-25,4219489.421824947,629503.3010353418,1.0,0.0,NA
2022-09-25,4218915.448835425,629966.6137518698,1.0,0.0,NA
2022-09-25,4218915.448835425,629385.2947743271,1.0,0.0,0.40677368164062955
2022-09-25,4219026.109108419,629503.3010353418,1.0,0.0,22.122392578125016
2022-09-25,4218562.796391891,629385.2947743271,1.0,0.0,NA
2022-09-25,4219026.109108419,629966.6137518698,1.0,0.0,22.790788574218766
2022-09-25,4219489.421824947,629966.6137518698,1.0,0.0,20.36113159179689
2022-09-25,4218562.796391891,629966.6137518698,1.0,0.0,21.952775878906266
2022-09-25,4218915.448835425,629503.3010353418,1.0,0.0,NA
2022-09-25,4218562.796391891,629503.3010353418,1.0,0.0,22.585954589843766
2022-09-26,4219026.109108419,629966.6137518698,1.0,0.0,27.680083007812527
2022-09-26,4219489.421824947,629385.2947743271,1.0,0.0,NA
2022-09-26,4219489.421824947,629503.3010353418,1.0,0.0,NA
2022-09-26,4219026.109108419,629503.3010353418,1.0,0.0,27.686583251953152
2022-09-26,4218562.796391891,629966.6137518698,1.0,0.0,27.366240234375027
2022-09-26,4218915.448835425,629385.2947743271,1.0,0.0,11.184072265625048
2022-09-26,4218915.448835425,629503.3010353418,1.0,0.0,NA
2022-09-26,4219489.421824947,629966.6137518698,1.0,0.0,25.144377441406277
2022-09-26,4218562.796391891,629503.3010353418,1.0,0.0,27.653990478515652
2022-09-26,4218562.796391891,629385.2947743271,1.0,0.0,NA
2022-09-26,4218915.448835425,629966.6137518698,1.0,0.0,NA
2022-09-26,4219026.109108419,629385.2947743271,1.0,0.0,NA
2022-09-27,4219489.421824947,629503.3010353418,1.0,0.0,NA
2022-09-27,4219489.421824947,629966.6137518698,1.0,0.0,22.307524414062527
2022-09-27,4218562.796391891,629966.6137518698,1.0,0.0,24.134916992187527
2022-09-27,4218915.448835425,629385.2947743271,1.0,0.0,11.993769531249995
2022-09-27,4219026.109108419,629966.6137518698,1.0,0.0,24.356871337890652
2022-09-27,4218562.796391891,629385.2947743271,1.0,0.0,NA
2022-09-27,4219026.109108419,629385.2947743271,1.0,0.0,NA
2022-09-27,4218562.796391891,629503.3010353418,1.0,0.0,25.392149658203152
2022-09-27,4218915.448835425,629503.3010353418,1.0,0.0,NA
2022-09-27,4219026.109108419,629503.3010353418,1.0,0.0,24.774107666015652
2022-09-27,4219489.421824947,629385.2947743271,1.0,0.0,NA
2022-09-27,4218915.448835425,629966.6137518698,1.0,0.0,NA
2022-09-28,4219026.109108419,629966.6137518698,1.0,0.0,21.18654907226562
2022-09-28,4218562.796391891,629503.3010353418,1.0,0.0,21.485957031249995
2022-09-28,4219489.421824947,629966.6137518698,1.0,0.0,20.74660766601562
2022-09-28,4218915.448835425,629503.3010353418,1.0,0.0,NA
2022-09-28,4218915.448835425,629966.6137518698,1.0,0.0,NA
2022-09-28,4219489.421824947,629385.2947743271,1.0,0.0,NA
2022-09-28,4219026.109108419,629503.3010353418,1.0,0.0,21.31338012695312
2022-09-28,4218562.796391891,629385.2947743271,1.0,0.0,NA
2022-09-28,4218915.448835425,629385.2947743271,1.0,0.0,9.9504321289063
2022-09-28,4219489.421824947,629503.3010353418,1.0,0.0,NA
2022-09-28,4218562.796391891,629966.6137518698,1.0,0.0,21.14498413085937
2022-09-28,4219026.109108419,629385.2947743271,1.0,0.0,NA
2022-09-29,4218562.796391891,629966.6137518698,1.0,0.0,22.825983886718745
2022-09-29,4218562.796391891,629503.3010353418,1.0,0.0,23.289179687499995
2022-09-29,4218915.448835425,629385.2947743271,1.0,0.0,13.531643066406275
2022-09-29,4219026.109108419,629966.6137518698,1.0,0.0,23.324580078124995
2022-09-29,4219489.421824947,629503.3010353418,1.0,0.0,NA
2022-09-29,4219026.109108419,629385.2947743271,1.0,0.0,NA
2022-09-29,4219026.109108419,629503.3010353418,1.0,0.0,23.125300292968745
2022-09-29,4219489.421824947,629385.2947743271,1.0,0.0,NA
2022-09-29,4219489.421824947,629966.6137518698,1.0,0.0,21.44637573242187
2022-09-29,4218915.448835425,629503.3010353418,1.0,0.0,NA
2022-09-29,4218562.796391891,629385.2947743271,1.0,0.0,NA
2022-09-29,4218915.448835425,629966.6137518698,1.0,0.0,NA
2022-09-30,4218915.448835425,629503.3010353418,1.0,0.0,NA
2022-09-30,4218915.448835425,629966.6137518698,1.0,0.0,NA
2022-09-30,4218562.796391891,629966.6137518698,1.0,0.0,24.524478759765657
2022-09-30,4219489.421824947,629503.3010353418,1.0,0.0,NA
2022-09-30,4219026.109108419,629503.3010353418,1.0,0.0,24.618411865234407
2022-09-30,4218562.796391891,629503.3010353418,1.0,0.0,24.868289794921907
2022-09-30,4219489.421824947,629385.2947743271,1.0,0.0,NA
2022-09-30,4219026.109108419,629385.2947743271,1.0,0.0,NA
2022-09-30,4218915.448835425,629385.2947743271,1.0,0.0,10.178413085937507
2022-09-30,4218562.796391891,629385.2947743271,1.0,0.0,NA
2022-09-30,4219026.109108419,629966.6137518698,1.0,0.0,24.543704833984407
2022-09-30,4219489.421824947,629966.6137518698,1.0,0.0,23.951541748046907
